relative_path	bytes	mode_octal	sha256
assets/context/historical_comparison.json	3292027	0644	a736d3bf51b8bd7cf0c9ea93deeb47a3f0714268160ed314d0f5e82f5f2bd3b1
assets/context/idx_daily_statistics.json	2401	0644	ac21bde8a72774f8c86fa7ab7ceeab8ba4413193df8b08890eefef7195e80d90
assets/context/idx_investor_release.json	7319	0644	4303fe7bd1f383e7d60807409d04f8f6896e52713f69f1663cc6a8edad83fdaf
assets/context/market_breadth.json	276286	0644	9ff1578c9dc947b95d188eccbeea141f085d8c65427e7750d9d74b0bc6621458
assets/context/sectors_recorded_sample.json	2861722	0644	9e9c8540e676eed99acd4dbfe4bdf86534e1a3a9a6e6575e3d3ce99281390f20
assets/foreign.json	21338	0644	d433bce59892484957b34a43e348b785f8fc48171e10ea53301b8c8719db6c3d
assets/market.json	959832	0644	2ae684148cfd9d111c70785330feac988ae96a72545bdcb60fe5bcfc30a330f1
assets/ownership.json	3258111	0644	d3bbdcc53b5491b86391988e1630374e4e80bc0aa06e8b1a09e452ce4be17527
assets/rotation.json	1975401	0600	25458ed13b5e898b3716e0dc06be40cb8d6374197ce9ff96bde977ab6f97f2e5
assets/snapshot.json	42467560	0600	ba750ad3c1c793ae35069ecb074b1d5400a57f08ff6c49543b6e730628530e73
evidence/context-idx_daily_statistics.json	2401	0644	ac21bde8a72774f8c86fa7ab7ceeab8ba4413193df8b08890eefef7195e80d90
evidence/context-idx_investor_release.json	7319	0644	4303fe7bd1f383e7d60807409d04f8f6896e52713f69f1663cc6a8edad83fdaf
evidence/foreign-daily-pdf-260701.pdf	1984137	0644	12a1bacad6a912bce49e46b788a2649224e3dbc514ff3e75bed158927d929e00
evidence/foreign-daily-pdf-260702.pdf	1982925	0644	8c7df38caad4f35e53adad82c345339569a861d4645c21f7f57ea7a2b4c5ef41
evidence/foreign-daily-pdf-260703.pdf	1973988	0644	7d9db2cd5dcc80cd22e9c7c3781c02daf0c982e8c22f8df9894be3e8b8b5007b
evidence/foreign-daily-pdf-260706.pdf	1980141	0644	da0d75e8d24e2045f3ca34a1bf198b20e5255d8f4c8285818262a33609bad723
evidence/foreign-daily-pdf-260707.pdf	2138681	0644	80cddb758a0bbf38e261b1330384a7f69a268e5185da0e669430bc5385888415
evidence/foreign-daily-pdf-260708.pdf	2140025	0644	ddf6d66cee3619f127a8a59f9a3cc54fd82dfa837cac2f3cd6def5cca0cb59fc
evidence/foreign-daily-pdf-260709.pdf	2138990	0644	51b7eb146e5de456d5b71c8879e36e5c7ddc2840ce545b9d5e0514bf61ca68e1
evidence/foreign-daily-pdf-260710.pdf	2140180	0644	473de15614bd735ee3a69d6768eead1951f92b1fe5146eebb22e0325b8dba146
evidence/foreign-daily-pdf-260713.pdf	1980860	0644	6b3b0823b7606ad1b8ac4a47f6a50ee14edb0caa78f81843c69d4102386d9100
evidence/foreign-daily-pdf-260714.pdf	1981521	0644	b126edd2c6800a3e7c4a827d5c6ad8c211a6579a9537010d597b9fa3255bff30
evidence/foreign-daily-pdf-260715.pdf	1990465	0644	9992a35d2d766a61d0d700133dc825e75553fbdc17c155cd2d2f17be1bd5df8a
evidence/foreign-daily-pdf-260716.pdf	1984698	0644	7c2feb4cb236a3a32fd1acc0e7bb1931962c097ec60c278f199f24f620d6b796
evidence/foreign-daily-pdf-260717.pdf	1978439	0644	717af8b3aefa6ee882e2c64d8e8819122dd335c7b3d5d407c673556fed94270f
evidence/foreign-daily-pdf-260720.pdf	1973964	0644	e81cc86eac3d5dc5125d04e6ccc8d8cd96b69652d58cdc0e7b1dc815580ada98
evidence/foreign-daily-pdf-260721.pdf	1981722	0644	d916afec93f91e122d1a9b4d9be54d498ade60f73bb81f8fbad56531fccfaf4a
evidence/foreign-daily-pdf-260722.pdf	1989703	0644	148cc5593a2d91c503bb94a1b10cdf941e651eabe7c44ca3e28301fca93f7569
evidence/foreign-daily-pdf-260723.pdf	1988341	0644	2cdf50eedd2369acbc042bb0ce2e455df48327a69c93a0231565b3d3740bb3ba
evidence/foreign-daily-pdf-260724.pdf	1976794	0644	08789b634cf13f0b818be3dd0dcd3c172566853ec01cd3c11f20aed2e7fca1e2
evidence/foreign-daily-pdf-260727.pdf	1987579	0644	6b04c01066457e625f121d7ee8914a506ad99eeca007883d5db5cbce9d477ad3
evidence/foreign-daily-pdf-260728.pdf	1987049	0644	2aea8e7dfb7eab3acfcfb12ba620ea3bd9e3e3193e9567d8c53c69d2b0d10e7f
evidence/foreign-daily-pdf-260729.pdf	1986383	0644	a525576d4771d536f429faf4597df0013c463904845b456291acace91776dbb5
evidence/foreign-daily-pdf-260730.pdf	2138416	0644	d659ff59376ffbe662e17be0eeba277b3230fc768489a8154991b743926b009d
evidence/foreign-daily-pdf-260731.pdf	1976035	0644	8585381d116faa71989fc080d06de35c36991c457557d31d41dff025895acfb2
evidence/foreign-daily-pdf-260803.pdf	1982736	0644	61d27a60f3d880946dbd588bd3c96f6b92a54cb7897272adca2402049bdc8adf
evidence/foreign-daily-pdf-260804.pdf	1981874	0644	78910971f0cf6bc623aa8d0e4fdb7c9faa01e6e32e222e6083fe7240f33c62a8
evidence/foreign-daily-pdf-260805.pdf	1976622	0644	265c1b4cabc322904d6fdaf430ac69d3eafa65b378d2e967360c7a73f6473abf
evidence/foreign-daily-pdf-260806.pdf	1988080	0644	c249612c788c13dc30e2b908713591313e0f5cbacc1b83841cc932e87e789694
evidence/foreign-daily-pdf-260807.pdf	1982328	0644	b1b3392e74c3b8e7ec555e43ef9a296994e0d8777457400c1661a7cd8c371f56
evidence/foreign-daily-pdf-260810.pdf	1984871	0644	d5f9341e26b456fa8219245c0925029ce4e62ef5b363f4b2e9a9cc154fe36ab5
evidence/foreign-daily-pdf-260811.pdf	1976447	0644	32eca0e96a71644bb86bb7326e266dd769d804b0a54c2c14692dc8cb81ac9838
evidence/foreign-daily-pdf-260812.pdf	1981978	0644	70474b2781bbe82c541888bd33a3875aa50bc845caedc4a851e8a78ee367e3d5
evidence/foreign-daily-pdf-260813.pdf	1985523	0644	f5cfa61fafe6b37f42e58a6aabf6f1000d088f15494c8f95dc0a996a3e344411
evidence/foreign-daily-pdf-260814.pdf	1983057	0644	7656b9cd3e53dbfe80b97846f29180b4a05b14da6816912972eb7e29e6ead0e6
evidence/foreign-daily-pdf-260818.pdf	1971673	0644	1ff9218308584c8d209def7950aee0f55825a0ae92bbd87c74e8c435baafe036
evidence/foreign-daily-pdf-260819.pdf	1987282	0644	fa3ac75b5fbdcee269c8e8189d7c34cfd4059d818fdcad3a3ae638c9dfd62638
evidence/foreign-daily-pdf-260820.pdf	1984041	0644	b78222bd2d5e42702e2420730b6eb612d1afcf71000e47132f55165eb75f1234
evidence/foreign-daily-pdf-260821.pdf	1982265	0644	36fb4da43b4c3d88b8b6e0ba78e5dc6b69783bedf180e90616b2d31b9bad9196
evidence/foreign-daily-pdf-260824.pdf	1983723	0644	a90265828f5430924d6e686e565d44bc538a52ab6029e8909f96ac1e536da1e7
evidence/foreign-daily-pdf-260826.pdf	1985770	0644	fcc78576bfe90786a0b2cf5b82d1b9c4e7ab90322c22437cb5553e0cb7d86f2d
evidence/foreign-daily-pdf-260827.pdf	1985467	0644	bf701b91ab4c68955f12abffa70e5714ca59d3cd4fe3f60da2e4cc8128ac8811
evidence/foreign-daily-pdf-260828.pdf	1974999	0644	701eceed297f5853f89b6653c43651bc9f0be22bd88092d88038bb8a0cf59f43
evidence/foreign-daily-pdf-260831.pdf	1986374	0644	0ee22064476ed741588408ddc3b4b60236b860d5526ed1b479641ba8ea498373
evidence/foreign-daily-pdf-260901.pdf	1980972	0644	2d452fec6ba0b67618aa21423c7f398d0568b1a5d056ef739cb4a2cbb66a6d28
evidence/foreign-daily-pdf-260902.pdf	1985442	0644	349147b189cb3cb87735d30be8359a52066851b2898b108493bf12dddd554a6e
evidence/foreign-daily-pdf-260903.pdf	1982691	0644	ef04396cf3548d7c7fe7d606a3927cbc2e74ffc615cca01835f58095fa5d0fe7
evidence/foreign-daily-pdf-260904.pdf	1979108	0644	8ac6bfdd7db9253899863752ccb8a84a345d23220661edd3aa57e9c0851e3478
evidence/foreign-daily-pdf-260907.pdf	1981452	0644	b6231d661bf7a06c6b4120a5335ef6f328d5430c5d38b6e5af31901b3a29008b
evidence/foreign-daily-pdf-260908.pdf	1982262	0644	e39268c7070ced03921d29514d857b9817b8bf44abb45835e8b3c09c74a2e294
evidence/foreign-daily-pdf-260909.pdf	1984620	0644	1e98321386326324750a3d275eb8eba0919e2229011c1e6127f65ebe31072d57
evidence/foreign-daily-pdf-260910.pdf	1980064	0644	59d6a32a78d5dc3efbeb607c0b01bb4ab2b847ae251c3b068c06aa93503ae236
evidence/foreign-daily-pdf-260911.pdf	1972650	0644	70eebe5a336477b6acb1fd9ce8e1dad63a0d9fe05fb24a124855c600e97ce672
evidence/foreign-daily-pdf-260914.pdf	1979502	0644	481f986d664315686980b3ef38c7283d9cf5abef6dd7b94d1fbc7e9ca3546d0d
evidence/foreign-daily-pdf-260915.pdf	1981308	0644	eb8b79f76429c4abafd9f4009789085656c294bd7bfc600fef2c49e747b6dd50
evidence/foreign-daily-pdf-260916.pdf	1985929	0644	b9d3fd350887bfba1b4f03a8d25f376f4708c570bab7d4c518db33f7be7b0a22
evidence/foreign-daily-pdf-260917.pdf	1984915	0644	6dea8b76d7160be29c1298b3636d466acc3f1dd8063b3f8ce82709800c2cde39
evidence/foreign-daily-pdf-260918.pdf	1982745	0644	1d9b406dd199c84df540fa8a46d7e59541a142123aca2c6ee85a70aa4d858d14
evidence/foreign-daily-pdf-260921.pdf	1975215	0644	04f1b7df0bd870fd17982517c264952a0947cc45db53ef7a5a1a1dfd9cbf73ff
evidence/foreign-daily-pdf-260922.pdf	1976209	0644	aad7f0ccf7b92e46057338fcb8d1ebb5ae44b34da175050567d9d7f9d095acab
evidence/foreign-daily-pdf-260923.pdf	1980971	0644	bb3052c31fe2b6bc04f125596513ba09db274fbcc3bd58ca1657e4d9fc526c52
evidence/foreign-daily-pdf-260924.pdf	1983782	0644	46a0a130e3c050d06eaa6b0cf37e51c4c67bf45ba02b331eeea15ac2b36dece3
evidence/foreign-daily-pdf-260925.pdf	1977061	0644	e50880863ab8ea7309e6d8610e33799d4642ab1a822f687776944c74a7d880b0
evidence/foreign-daily-pdf-260928.pdf	1974132	0644	ae26ed5bc8e31fe8ead7849d8008601f928de0fb7f102247d6681deee8c10076
evidence/foreign-daily-pdf-260929.pdf	1981254	0644	43da2b0b2b5c273bc31393a73160c85cbcdd0963c32755d9bcb8ef0e1616a99d
evidence/foreign-daily-pdf-260930.pdf	1982480	0644	181055a4d96a9defee11ce0afd006df6b7150234460bc5874dcf04c769f71c34
evidence/foreign-daily-pdf-261001.pdf	1974858	0644	d7f531c178f1a261a9a63cfdb9efc70d275c22ac9772a3ee917ee28a6092c90b
evidence/foreign-daily-pdf-261002.pdf	1987188	0644	8809cf9d71c8474eff2d25962e36558c388d77f484c2716d1b40462b6779efa7
evidence/foreign-daily-source-list.json	6734	0644	1cd25c4576fc8af537bf777bc3d60aebd835ae1841ad471f4381ab2dcbaaef64
evidence/foreign-flow-observations-ledger.jsonl	8027	0644	8c3cd172b242464dec15e122e1e933e6ee313ecc43850856b0eba70094e1e1fb
evidence/foreign-flow-source-ledger.jsonl	23654	0644	f0fbd19c5e69173c4a44301254e5ba027c18a35d9a858beaa286b6a23f0eb34d
evidence/foreign-monthly-august-html.html	200011	0644	6c702f285bea7783b47469f5810729f617b703ea1afd5f4dd4da9e6b229a1f96
evidence/foreign-monthly-august.json	14859	0644	3aac78ac78eb9054ff596cf0ec9d4105a5367ba1b9d17a9c567bf5e9c331c94a
evidence/foreign-monthly-july-html.html	200011	0644	fd6b73f62c21dfc0381baa239af1bad1b1d66be793ee1c814383737a9528ee79
evidence/foreign-monthly-july.json	7319	0644	4303fe7bd1f383e7d60807409d04f8f6896e52713f69f1663cc6a8edad83fdaf
evidence/konglo-expansion-decision-ledger.json	18391	0644	babdc04f49a2fe0feb9529aaa08d9dd4707e66c47c3c185a7e091bbea979c1a8
evidence/konglo-primary-sources/jardine-matheson-annual-report-2025-portfolio.pdf	251962	0644	332981fdd3faa4925ee9c9060882dff645de4b0ecc17ea29eaab4f54ea9cc0f1
evidence/konglo-primary-sources/kawan-lama-aces-press-release-2024-01-19.pdf	224200	0644	b9b413c2c5ac239337bc4e49bbdada56aa4e8fd9cfd2dcec97f1ea1666c309a0
evidence/konglo-primary-sources/pakuwon-jati-annual-report-2024.pdf	9402609	0644	025c181b4981f2548687dfd7c3e41f222cd341377bb7fe72e0cd2ffeeee61e77
evidence/konglo-primary-sources/retrieval-failures/jardine-matheson-annual-report-2025.incomplete.pdf	6367764	0644	809070ecca37e1090b30bfb415b88b5fb7e8b7641b006beaf877d951b41933b5
evidence/market-classification-registry.json	6200433	0644	eb26918986e0b38a56d4e9428dbd9c2a204ae46c75015081c34ded5e29be46a6
evidence/market-daily-summary.json	938581	0644	22e6a8c112f6da28acb253fb4660bf970ca6ce78f0763c3893b16c1d5559d803
evidence/market-expansion-source-manifest.json	32824	0644	b930778d0426be8c805634704f69a079f4a30994f99e6a88fc18cbe543e5f35f
evidence/market-ownership-edges.json	22594	0644	03cdab686c88c583914a3f7b19dadd87ff65f8eda1dc0d2ed360cd7bcc391aee
evidence/market-ownership-rules.yaml	4813	0644	2de2d3c69eb4a47bea425ae2cc536dec4ea58e0cd8028a0a2f30d2c6fb783759
evidence/market-panel-benchmark.csv	9005	0644	c5d242d24a0cb3a4cf9fce6c2da500163c191fac05f2540047ec8370302e0e00
evidence/market-panel-prices.csv	12297005	0644	34d8cea53670ba126269dbc4ef446e4127ff753c6ee857893eb8609c918d3d88
evidence/market-panel-source-manifest.json	121079	0644	45e1c95c97f425118ed05ba726169a20c25357e52de2cc45c16c8df483c9aeef
evidence/market-panel-validation.json	25475	0644	8254319269bac9af8c61098f8bcce509124a1a5680e558f5233a3de7114b42e4
evidence/market-universe-contract.yaml	305213	0644	4ecac94989988bff426f2942e8cb688f6dd5009b4d74c5fa498888d654a26038
evidence/official-composite-workbook.xlsx	25378	0644	1d9c03a3e4676f819aaf07b4fb7803873badfc9187942dbded560b25cf83f4a7
evidence/official-daily-statistics-260921.pdf	1975215	0644	04f1b7df0bd870fd17982517c264952a0947cc45db53ef7a5a1a1dfd9cbf73ff
evidence/official-daily-statistics-260922.pdf	1976209	0644	aad7f0ccf7b92e46057338fcb8d1ebb5ae44b34da175050567d9d7f9d095acab
evidence/official-daily-statistics-260923.pdf	1980971	0644	bb3052c31fe2b6bc04f125596513ba09db274fbcc3bd58ca1657e4d9fc526c52
evidence/official-daily-statistics-260924.pdf	1983782	0644	46a0a130e3c050d06eaa6b0cf37e51c4c67bf45ba02b331eeea15ac2b36dece3
evidence/official-daily-statistics-260925.pdf	1977061	0644	e50880863ab8ea7309e6d8610e33799d4642ab1a822f687776944c74a7d880b0
evidence/official-daily-statistics-260928.pdf	1974132	0644	ae26ed5bc8e31fe8ead7849d8008601f928de0fb7f102247d6681deee8c10076
evidence/official-daily-statistics-260929.pdf	1981254	0644	43da2b0b2b5c273bc31393a73160c85cbcdd0963c32755d9bcb8ef0e1616a99d
evidence/official-daily-statistics-260930.pdf	1982480	0644	181055a4d96a9defee11ce0afd006df6b7150234460bc5874dcf04c769f71c34
evidence/official-daily-statistics-261001.pdf	1974858	0644	d7f531c178f1a261a9a63cfdb9efc70d275c22ac9772a3ee917ee28a6092c90b
evidence/official-daily-statistics-261002.pdf	1987188	0644	8809cf9d71c8474eff2d25962e36558c388d77f484c2716d1b40462b6779efa7
evidence/official-sources-manifest.json	3736	0644	f9e42e7f525104df8118d605765fa628f0356ccfa077eb78bc787d9ba5934b54
evidence/official-stock-summary.xlsx	847658	0644	c845909f0e80d667c38291918834d49208478d284e81f3967ef9e445792a9aa4
evidence/ownership-acquisition-inventory.jsonl	2332	0644	3d6125c81a1ce986939bc1c5840a3517aa5f2505f12a39c84e83206429427da8
evidence/ownership-current-1pct.xlsx	563730	0644	804b3bb705860c8cee22addf63649c890d8cd66f8ae5e8a5d02730aec86bdd60
evidence/ownership-five-5pct.xlsx	397114	0644	aeb4d55f968de3fbf94582b9bea4286dbb8e2c6b12b86f651a24c61d704f0b8d
evidence/ownership-previous-1pct.xlsx	562877	0644	1d7cdb636054ce45c516666741f168348f97aba91771f4d0398ff84eae7c5e8f
evidence/public-history-original-vintage/prices.csv	17168860	0644	1f7fac8fc1cf3bccfbec3445121ebf8bf5cccf8cca6e9de6880f259ee3e08c9e
evidence/public-history-original-vintage/source_manifest.json	120553	0644	12e504f80b1123ea5bf2d51cab03ed10a296d3e6b7f78198d240741d4abcfcfa
evidence/public-history-original-vintage/validation.json	26586	0644	e07dc371d661fb8f6e62899268208698333ec746f2eb6b6656e82c14c51f979e
evidence/public-history-original-vintage/validation_receipt.json	1732	0644	0ee59f5b3de6aa1f3baa0f8eafa94932cf2db0c9e3222b750274dd7f8e40d7a8
evidence/public-history-september/benchmark.csv	12534	0644	7ac675b2e5fb4281be32d2f34ce68235c8ecfdb403be9ea213bb5c9cb04ad6f9
evidence/public-history-september/independent_breadth_oracle.json	29979	0644	ed26f1ffb457c65f805e956109df2915934812649278f2d307238d7a62a21da5
evidence/public-history-september/prices.csv	17145008	0644	23d4d995d72c10492921857576aaf9230a01bd62f28e49342d26f57269e644ad
evidence/public-history-september/source_manifest.json	121704	0644	cf17ce2ad8b0143b7ae88b86acf296c3f5b7fb6090a6a29c8102aef71abb3c51
evidence/public-history-september/validation.json	26417	0644	967a83be86f9a1d78440050c87b2794f8f50731f0b10fd2f5375d167e6798899
evidence/public-history-september/validation_receipt.json	1715	0644	b2c0f3a28bf93461be723980988aec0dfd0dcfbbd853b0b2f5334b614842092d
evidence/public-history-september/verify_market_breadth_price_oracle.py	16881	0644	3e2298bd09d024150fa7baca4fe2dbf90874453edcd29ae66dc9ac076708b05c
evidence/rotation-source-ledger.json	5842	0644	46558215d3e70247a22f2a6d31ee471825060ce1347ab85dba08645b2a1c84d5
evidence/snapshot-panel-provenance.json	585	0644	671dbd9252f438b8eababb78b64838bf6309f6cedd04d9cc44bc717b908bd11d
evidence/submission-eligibility-workspace.json	67884	0644	166afa3250e050816018d361b416cdb7ec59906bcc4f791fa6ab25176bcdaaa4
evidence/submission-taxonomy/konglo.yaml	22086	0644	69bc4c13fd7c6abde39a39c523e4e57024d01b1e9aee38d8bd8bc557311fad16
evidence/submission-taxonomy/themes.yaml	305070	0644	e72adf16e9a06fbbabc2a652f2e0fc772593ff56f14a3f73abae23e249a48ce4
evidence/submission-taxonomy-views/snap_public_market_2026-10-02/konglo.json	69191	0644	369627bd64f9012f2bb10f5d9635896f1d702ae57a3cb43149641da1a8fd96b0
evidence/submission-taxonomy-views/snap_public_market_2026-10-02/themes.json	469448	0644	928b575590a2bf6675635311bb4b01835b1b943049c71a91c21e455a1d050218
manifest.json	72185	0644	cea9e4a7e17f8a21dc3ad22c351c994ff9ece80297c32a0a47e361306e1c153a
