benchmark_id,date,close,price_basis,source
^JKSE,2026-05-20,7000,close,fixture
^JKSE,2026-05-21,7010,close,fixture
^JKSE,2026-05-22,7020,close,fixture
^JKSE,2026-05-23,7030,close,fixture
^JKSE,2026-05-26,7040,close,fixture
^JKSE,2026-05-27,7050,close,fixture
^JKSE,2026-05-28,7060,close,fixture
^JKSE,2026-05-29,7070,close,fixture
^JKSE,2026-05-30,7080,close,fixture
^JKSE,2026-06-02,7090,close,fixture
^JKSE,2026-06-03,7100,close,fixture
^JKSE,2026-06-04,7110,close,fixture
^JKSE,2026-06-05,7120,close,fixture
^JKSE,2026-06-06,7130,close,fixture
^JKSE,2026-06-09,7140,close,fixture
^JKSE,2026-06-10,7150,close,fixture
^JKSE,2026-06-11,7160,close,fixture
^JKSE,2026-06-12,7170,close,fixture
^JKSE,2026-06-13,7180,close,fixture
^JKSE,2026-06-16,7190,close,fixture
^JKSE,2026-06-17,7200,close,fixture
^JKSE,2026-06-18,7210,close,fixture
^JKSE,2026-06-19,7220,close,fixture
^JKSE,2026-06-20,7230,close,fixture
^JKSE,2026-06-23,7240,close,fixture
^JKSE,2026-06-24,7250,close,fixture
^JKSE,2026-06-25,7260,close,fixture
^JKSE,2026-06-26,7270,close,fixture
^JKSE,2026-06-27,7280,close,fixture
^JKSE,2026-06-30,7290,close,fixture
^JKSE,2026-07-01,7300,close,fixture
^JKSE,2026-07-02,7310,close,fixture
^JKSE,2026-07-03,7320,close,fixture
^JKSE,2026-07-06,7330,close,fixture
^JKSE,2026-07-07,7340,close,fixture
^JKSE,2026-07-08,7350,close,fixture
^JKSE,2026-07-09,7360,close,fixture
^JKSE,2026-07-10,7370,close,fixture
^JKSE,2026-07-13,7380,close,fixture
^JKSE,2026-07-14,7390,close,fixture
^JKSE,2026-07-15,7400,close,fixture
^JKSE,2026-07-16,7410,close,fixture
^JKSE,2026-07-17,7420,close,fixture
^JKSE,2026-07-20,7430,close,fixture
^JKSE,2026-07-21,7440,close,fixture
^JKSE,2026-07-22,7450,close,fixture
^JKSE,2026-07-23,7460,close,fixture
^JKSE,2026-07-24,7470,close,fixture
^JKSE,2026-07-27,7480,close,fixture
^JKSE,2026-07-28,7490,close,fixture
^JKSE,2026-07-29,7500,close,fixture
^JKSE,2026-07-30,7510,close,fixture
^JKSE,2026-07-31,7520,close,fixture
^JKSE,2026-08-03,7530,close,fixture
^JKSE,2026-08-04,7540,close,fixture
^JKSE,2026-08-05,7550,close,fixture
^JKSE,2026-08-06,7560,close,fixture
^JKSE,2026-08-07,7570,close,fixture
^JKSE,2026-08-10,7580,close,fixture
^JKSE,2026-08-11,7590,close,fixture
^JKSE,2026-08-12,7600,close,fixture
^JKSE,2026-08-13,7610,close,fixture
^JKSE,2026-08-14,7620,close,fixture
^JKSE,2026-08-17,7630,close,fixture
^JKSE,2026-08-18,7640,close,fixture
^JKSE,2026-08-19,7650,close,fixture
^JKSE,2026-08-20,7660,close,fixture
