ticker,date,close,adjusted_close,volume,market_cap,currency,price_basis,source
BBCA.JK,2026-05-20,9500,9500,1000000,,IDR,adjusted_close,fixture
BBCA.JK,2026-05-21,9550,9550,1100000,,IDR,adjusted_close,fixture
BBCA.JK,2026-05-22,9600,9600,1050000,,IDR,adjusted_close,fixture
BBCA.JK,2026-05-23,9650,9650,1000000,,IDR,adjusted_close,fixture
BBCA.JK,2026-05-26,9700,9700,1000000,,IDR,adjusted_close,fixture
BBCA.JK,2026-05-27,9750,9750,1100000,,IDR,adjusted_close,fixture
BBCA.JK,2026-05-28,9800,9800,1050000,,IDR,adjusted_close,fixture
BBCA.JK,2026-05-29,9850,9850,1000000,,IDR,adjusted_close,fixture
BBCA.JK,2026-05-30,9900,9900,1100000,,IDR,adjusted_close,fixture
BBCA.JK,2026-06-02,10000,10000,1000000,,IDR,adjusted_close,fixture
BBCA.JK,2026-06-03,10050,10050,1100000,,IDR,adjusted_close,fixture
BBCA.JK,2026-06-04,10100,10100,1000000,,IDR,adjusted_close,fixture
BBCA.JK,2026-06-05,10150,10150,1100000,,IDR,adjusted_close,fixture
BBCA.JK,2026-06-06,10200,10200,1000000,,IDR,adjusted_close,fixture
BBCA.JK,2026-06-09,10250,10250,1100000,,IDR,adjusted_close,fixture
BBCA.JK,2026-06-10,10300,10300,1000000,,IDR,adjusted_close,fixture
BBCA.JK,2026-06-11,10350,10350,1100000,,IDR,adjusted_close,fixture
BBCA.JK,2026-06-12,10400,10400,1000000,,IDR,adjusted_close,fixture
BBCA.JK,2026-06-13,10450,10450,1100000,,IDR,adjusted_close,fixture
BBCA.JK,2026-06-16,10500,10500,1000000,,IDR,adjusted_close,fixture
BBCA.JK,2026-06-17,10550,10550,1100000,,IDR,adjusted_close,fixture
BBCA.JK,2026-06-18,10600,10600,1000000,,IDR,adjusted_close,fixture
BBCA.JK,2026-06-19,10650,10650,1100000,,IDR,adjusted_close,fixture
BBCA.JK,2026-06-20,10700,10700,1000000,,IDR,adjusted_close,fixture
BBCA.JK,2026-06-23,10750,10750,1100000,,IDR,adjusted_close,fixture
BBCA.JK,2026-06-24,10800,10800,1000000,,IDR,adjusted_close,fixture
BBCA.JK,2026-06-25,10850,10850,1100000,,IDR,adjusted_close,fixture
BBCA.JK,2026-06-26,10900,10900,1000000,,IDR,adjusted_close,fixture
BBCA.JK,2026-06-27,10950,10950,1100000,,IDR,adjusted_close,fixture
BBCA.JK,2026-06-30,11000,11000,1000000,,IDR,adjusted_close,fixture
BBCA.JK,2026-07-01,11050,11050,1100000,,IDR,adjusted_close,fixture
BBCA.JK,2026-07-02,11100,11100,1000000,,IDR,adjusted_close,fixture
BBCA.JK,2026-07-03,11150,11150,1100000,,IDR,adjusted_close,fixture
BBCA.JK,2026-07-06,11200,11200,1000000,,IDR,adjusted_close,fixture
BBCA.JK,2026-07-07,11250,11250,1100000,,IDR,adjusted_close,fixture
BBCA.JK,2026-07-08,11300,11300,1000000,,IDR,adjusted_close,fixture
BBCA.JK,2026-07-09,11350,11350,1100000,,IDR,adjusted_close,fixture
BBCA.JK,2026-07-10,11400,11400,1000000,,IDR,adjusted_close,fixture
BBCA.JK,2026-07-13,11450,11450,1100000,,IDR,adjusted_close,fixture
BBCA.JK,2026-07-14,11500,11500,1000000,,IDR,adjusted_close,fixture
BBCA.JK,2026-07-15,11550,11550,1100000,,IDR,adjusted_close,fixture
BBCA.JK,2026-07-16,11600,11600,1000000,,IDR,adjusted_close,fixture
BBCA.JK,2026-07-17,11650,11650,1100000,,IDR,adjusted_close,fixture
BBCA.JK,2026-07-20,11700,11700,1000000,,IDR,adjusted_close,fixture
BBCA.JK,2026-07-21,11750,11750,1100000,,IDR,adjusted_close,fixture
BBCA.JK,2026-07-22,11800,11800,1000000,,IDR,adjusted_close,fixture
BBCA.JK,2026-07-23,11850,11850,1100000,,IDR,adjusted_close,fixture
BBCA.JK,2026-07-24,11900,11900,1000000,,IDR,adjusted_close,fixture
BBCA.JK,2026-07-27,11950,11950,1100000,,IDR,adjusted_close,fixture
BBCA.JK,2026-07-28,12000,12000,1000000,,IDR,adjusted_close,fixture
BBCA.JK,2026-07-29,12050,12050,1100000,,IDR,adjusted_close,fixture
BBCA.JK,2026-07-30,12100,12100,1000000,,IDR,adjusted_close,fixture
BBCA.JK,2026-07-31,12150,12150,1100000,,IDR,adjusted_close,fixture
BBCA.JK,2026-08-03,12200,12200,1000000,,IDR,adjusted_close,fixture
BBCA.JK,2026-08-04,12250,12250,1100000,,IDR,adjusted_close,fixture
BBCA.JK,2026-08-05,12300,12300,1000000,,IDR,adjusted_close,fixture
BBCA.JK,2026-08-06,12350,12350,1100000,,IDR,adjusted_close,fixture
BBCA.JK,2026-08-07,12400,12400,1000000,,IDR,adjusted_close,fixture
BBCA.JK,2026-08-10,12450,12450,1100000,,IDR,adjusted_close,fixture
BBCA.JK,2026-08-11,12500,12500,1000000,,IDR,adjusted_close,fixture
BBCA.JK,2026-08-12,12550,12550,1100000,,IDR,adjusted_close,fixture
BBCA.JK,2026-08-13,12600,12600,1000000,,IDR,adjusted_close,fixture
BBCA.JK,2026-08-14,12650,12650,1100000,,IDR,adjusted_close,fixture
BBCA.JK,2026-08-17,12700,12700,1000000,,IDR,adjusted_close,fixture
BBCA.JK,2026-08-18,12750,12750,1100000,,IDR,adjusted_close,fixture
BBCA.JK,2026-08-19,12800,12800,1000000,,IDR,adjusted_close,fixture
BBCA.JK,2026-08-20,12850,12850,1100000,,IDR,adjusted_close,fixture
BBRI.JK,2026-05-20,5000,5000,2000000,,IDR,adjusted_close,fixture
BBRI.JK,2026-05-21,5020,5020,2000000,,IDR,adjusted_close,fixture
BBRI.JK,2026-05-22,5040,5040,2000000,,IDR,adjusted_close,fixture
BBRI.JK,2026-05-23,5060,5060,2000000,,IDR,adjusted_close,fixture
BBRI.JK,2026-05-26,5080,5080,2000000,,IDR,adjusted_close,fixture
BBRI.JK,2026-05-27,5100,5100,2000000,,IDR,adjusted_close,fixture
BBRI.JK,2026-05-28,5120,5120,2000000,,IDR,adjusted_close,fixture
BBRI.JK,2026-05-29,5140,5140,2000000,,IDR,adjusted_close,fixture
BBRI.JK,2026-05-30,5160,5160,2000000,,IDR,adjusted_close,fixture
BBRI.JK,2026-06-02,5180,5180,2000000,,IDR,adjusted_close,fixture
BBRI.JK,2026-06-03,5200,5200,2000000,,IDR,adjusted_close,fixture
BBRI.JK,2026-06-04,5220,5220,2000000,,IDR,adjusted_close,fixture
BBRI.JK,2026-06-05,5240,5240,2000000,,IDR,adjusted_close,fixture
BBRI.JK,2026-06-06,5260,5260,2000000,,IDR,adjusted_close,fixture
BBRI.JK,2026-06-09,5280,5280,2000000,,IDR,adjusted_close,fixture
BBRI.JK,2026-06-10,5300,5300,2000000,,IDR,adjusted_close,fixture
BBRI.JK,2026-06-11,5320,5320,2000000,,IDR,adjusted_close,fixture
BBRI.JK,2026-06-12,5340,5340,2000000,,IDR,adjusted_close,fixture
BBRI.JK,2026-06-13,5360,5360,2000000,,IDR,adjusted_close,fixture
BBRI.JK,2026-06-16,5380,5380,2000000,,IDR,adjusted_close,fixture
BBRI.JK,2026-06-17,5400,5400,2000000,,IDR,adjusted_close,fixture
BBRI.JK,2026-06-18,5420,5420,2000000,,IDR,adjusted_close,fixture
BBRI.JK,2026-06-19,5440,5440,2000000,,IDR,adjusted_close,fixture
BBRI.JK,2026-06-20,5460,5460,2000000,,IDR,adjusted_close,fixture
BBRI.JK,2026-06-23,5480,5480,2000000,,IDR,adjusted_close,fixture
BBRI.JK,2026-06-24,5500,5500,2000000,,IDR,adjusted_close,fixture
BBRI.JK,2026-06-25,5520,5520,2000000,,IDR,adjusted_close,fixture
BBRI.JK,2026-06-26,5540,5540,2000000,,IDR,adjusted_close,fixture
BBRI.JK,2026-06-27,5560,5560,2000000,,IDR,adjusted_close,fixture
BBRI.JK,2026-06-30,5580,5580,2000000,,IDR,adjusted_close,fixture
BBRI.JK,2026-07-01,5600,5600,2000000,,IDR,adjusted_close,fixture
BBRI.JK,2026-07-02,5620,5620,2000000,,IDR,adjusted_close,fixture
BBRI.JK,2026-07-03,5640,5640,2000000,,IDR,adjusted_close,fixture
BBRI.JK,2026-07-06,5660,5660,2000000,,IDR,adjusted_close,fixture
BBRI.JK,2026-07-07,5680,5680,2000000,,IDR,adjusted_close,fixture
BBRI.JK,2026-07-08,5700,5700,2000000,,IDR,adjusted_close,fixture
BBRI.JK,2026-07-09,5720,5720,2000000,,IDR,adjusted_close,fixture
BBRI.JK,2026-07-10,5740,5740,2000000,,IDR,adjusted_close,fixture
BBRI.JK,2026-07-13,5760,5760,2000000,,IDR,adjusted_close,fixture
BBRI.JK,2026-07-14,5780,5780,2000000,,IDR,adjusted_close,fixture
BBRI.JK,2026-07-15,5800,5800,2000000,,IDR,adjusted_close,fixture
BBRI.JK,2026-07-16,5820,5820,2000000,,IDR,adjusted_close,fixture
BBRI.JK,2026-07-17,5840,5840,2000000,,IDR,adjusted_close,fixture
BBRI.JK,2026-07-20,5860,5860,2000000,,IDR,adjusted_close,fixture
BBRI.JK,2026-07-21,5880,5880,2000000,,IDR,adjusted_close,fixture
BBRI.JK,2026-07-22,5900,5900,2000000,,IDR,adjusted_close,fixture
BBRI.JK,2026-07-23,5920,5920,2000000,,IDR,adjusted_close,fixture
BBRI.JK,2026-07-24,5940,5940,2000000,,IDR,adjusted_close,fixture
BBRI.JK,2026-07-27,5960,5960,2000000,,IDR,adjusted_close,fixture
BBRI.JK,2026-07-28,5980,5980,2000000,,IDR,adjusted_close,fixture
BBRI.JK,2026-07-29,6000,6000,2000000,,IDR,adjusted_close,fixture
BBRI.JK,2026-07-30,6020,6020,2000000,,IDR,adjusted_close,fixture
BBRI.JK,2026-07-31,6040,6040,2000000,,IDR,adjusted_close,fixture
BBRI.JK,2026-08-03,6060,6060,2000000,,IDR,adjusted_close,fixture
BBRI.JK,2026-08-04,6080,6080,2000000,,IDR,adjusted_close,fixture
BBRI.JK,2026-08-05,6100,6100,2000000,,IDR,adjusted_close,fixture
BBRI.JK,2026-08-06,6120,6120,2000000,,IDR,adjusted_close,fixture
BBRI.JK,2026-08-07,6140,6140,2000000,,IDR,adjusted_close,fixture
BBRI.JK,2026-08-10,6160,6160,2000000,,IDR,adjusted_close,fixture
BBRI.JK,2026-08-11,6180,6180,2000000,,IDR,adjusted_close,fixture
BBRI.JK,2026-08-12,6200,6200,2000000,,IDR,adjusted_close,fixture
BBRI.JK,2026-08-13,6220,6220,2000000,,IDR,adjusted_close,fixture
BBRI.JK,2026-08-14,6240,6240,2000000,,IDR,adjusted_close,fixture
BBRI.JK,2026-08-17,6260,6260,2000000,,IDR,adjusted_close,fixture
BBRI.JK,2026-08-18,6280,6280,2000000,,IDR,adjusted_close,fixture
BBRI.JK,2026-08-19,6300,6300,2000000,,IDR,adjusted_close,fixture
BBRI.JK,2026-08-20,6320,6320,2000000,,IDR,adjusted_close,fixture
BMRI.JK,2026-05-20,6000,6000,1500000,,IDR,adjusted_close,fixture
BMRI.JK,2026-05-21,6050,6050,1500000,,IDR,adjusted_close,fixture
BMRI.JK,2026-05-22,6100,6100,1500000,,IDR,adjusted_close,fixture
BMRI.JK,2026-05-23,6150,6150,1500000,,IDR,adjusted_close,fixture
BMRI.JK,2026-05-26,6200,6200,1500000,,IDR,adjusted_close,fixture
BMRI.JK,2026-05-27,6250,6250,1500000,,IDR,adjusted_close,fixture
BMRI.JK,2026-05-28,6300,6300,1500000,,IDR,adjusted_close,fixture
BMRI.JK,2026-05-29,6350,6350,1500000,,IDR,adjusted_close,fixture
BMRI.JK,2026-05-30,6400,6400,1500000,,IDR,adjusted_close,fixture
BMRI.JK,2026-06-02,6450,6450,1500000,,IDR,adjusted_close,fixture
BMRI.JK,2026-06-03,6500,6500,1500000,,IDR,adjusted_close,fixture
BMRI.JK,2026-06-04,6550,6550,1500000,,IDR,adjusted_close,fixture
BMRI.JK,2026-06-05,6600,6600,1500000,,IDR,adjusted_close,fixture
BMRI.JK,2026-06-06,6650,6650,1500000,,IDR,adjusted_close,fixture
BMRI.JK,2026-06-09,6700,6700,1500000,,IDR,adjusted_close,fixture
BMRI.JK,2026-06-10,6750,6750,1500000,,IDR,adjusted_close,fixture
BMRI.JK,2026-06-11,6800,6800,1500000,,IDR,adjusted_close,fixture
BMRI.JK,2026-06-12,6850,6850,1500000,,IDR,adjusted_close,fixture
BMRI.JK,2026-06-13,6900,6900,1500000,,IDR,adjusted_close,fixture
BMRI.JK,2026-06-16,6950,6950,1500000,,IDR,adjusted_close,fixture
BMRI.JK,2026-06-17,7000,7000,1500000,,IDR,adjusted_close,fixture
BMRI.JK,2026-06-18,7050,7050,1500000,,IDR,adjusted_close,fixture
BMRI.JK,2026-06-19,7100,7100,1500000,,IDR,adjusted_close,fixture
BMRI.JK,2026-06-20,7150,7150,1500000,,IDR,adjusted_close,fixture
BMRI.JK,2026-06-23,7200,7200,1500000,,IDR,adjusted_close,fixture
BMRI.JK,2026-06-24,7250,7250,1500000,,IDR,adjusted_close,fixture
BMRI.JK,2026-06-25,7300,7300,1500000,,IDR,adjusted_close,fixture
BMRI.JK,2026-06-26,7350,7350,1500000,,IDR,adjusted_close,fixture
BMRI.JK,2026-06-27,7400,7400,1500000,,IDR,adjusted_close,fixture
BMRI.JK,2026-06-30,7450,7450,1500000,,IDR,adjusted_close,fixture
BMRI.JK,2026-07-01,7500,7500,1500000,,IDR,adjusted_close,fixture
BMRI.JK,2026-07-02,7550,7550,1500000,,IDR,adjusted_close,fixture
BMRI.JK,2026-07-03,7600,7600,1500000,,IDR,adjusted_close,fixture
BMRI.JK,2026-07-06,7650,7650,1500000,,IDR,adjusted_close,fixture
BMRI.JK,2026-07-07,7700,7700,1500000,,IDR,adjusted_close,fixture
BMRI.JK,2026-07-08,7750,7750,1500000,,IDR,adjusted_close,fixture
BMRI.JK,2026-07-09,7800,7800,1500000,,IDR,adjusted_close,fixture
BMRI.JK,2026-07-10,7850,7850,1500000,,IDR,adjusted_close,fixture
BMRI.JK,2026-07-13,7900,7900,1500000,,IDR,adjusted_close,fixture
BMRI.JK,2026-07-14,7950,7950,1500000,,IDR,adjusted_close,fixture
BMRI.JK,2026-07-15,8000,8000,1500000,,IDR,adjusted_close,fixture
BMRI.JK,2026-07-16,8050,8050,1500000,,IDR,adjusted_close,fixture
BMRI.JK,2026-07-17,8100,8100,1500000,,IDR,adjusted_close,fixture
BMRI.JK,2026-07-20,8150,8150,1500000,,IDR,adjusted_close,fixture
BMRI.JK,2026-07-21,8200,8200,1500000,,IDR,adjusted_close,fixture
BMRI.JK,2026-07-22,8250,8250,1500000,,IDR,adjusted_close,fixture
BMRI.JK,2026-07-23,8300,8300,1500000,,IDR,adjusted_close,fixture
BMRI.JK,2026-07-24,8350,8350,1500000,,IDR,adjusted_close,fixture
BMRI.JK,2026-07-27,8400,8400,1500000,,IDR,adjusted_close,fixture
BMRI.JK,2026-07-28,8450,8450,1500000,,IDR,adjusted_close,fixture
BMRI.JK,2026-07-29,8500,8500,1500000,,IDR,adjusted_close,fixture
BMRI.JK,2026-07-30,8550,8550,1500000,,IDR,adjusted_close,fixture
BMRI.JK,2026-07-31,8600,8600,1500000,,IDR,adjusted_close,fixture
BMRI.JK,2026-08-03,8650,8650,1500000,,IDR,adjusted_close,fixture
BMRI.JK,2026-08-04,8700,8700,1500000,,IDR,adjusted_close,fixture
BMRI.JK,2026-08-05,8750,8750,1500000,,IDR,adjusted_close,fixture
BMRI.JK,2026-08-06,8800,8800,1500000,,IDR,adjusted_close,fixture
BMRI.JK,2026-08-07,8850,8850,1500000,,IDR,adjusted_close,fixture
BMRI.JK,2026-08-10,8900,8900,1500000,,IDR,adjusted_close,fixture
BMRI.JK,2026-08-11,8950,8950,1500000,,IDR,adjusted_close,fixture
BMRI.JK,2026-08-12,9000,9000,1500000,,IDR,adjusted_close,fixture
BMRI.JK,2026-08-13,9050,9050,1500000,,IDR,adjusted_close,fixture
BMRI.JK,2026-08-14,9100,9100,1500000,,IDR,adjusted_close,fixture
BMRI.JK,2026-08-17,9150,9150,1500000,,IDR,adjusted_close,fixture
BMRI.JK,2026-08-18,9200,9200,1500000,,IDR,adjusted_close,fixture
BMRI.JK,2026-08-19,9250,9250,1500000,,IDR,adjusted_close,fixture
BMRI.JK,2026-08-20,9300,9300,1500000,,IDR,adjusted_close,fixture
BBNI.JK,2026-05-20,4500,4500,800000,,IDR,adjusted_close,fixture
BBNI.JK,2026-05-21,4520,4520,800000,,IDR,adjusted_close,fixture
BBNI.JK,2026-05-22,4540,4540,800000,,IDR,adjusted_close,fixture
BBNI.JK,2026-05-23,4560,4560,800000,,IDR,adjusted_close,fixture
BBNI.JK,2026-05-26,4580,4580,800000,,IDR,adjusted_close,fixture
BBNI.JK,2026-05-27,4600,4600,800000,,IDR,adjusted_close,fixture
BBNI.JK,2026-05-28,4620,4620,800000,,IDR,adjusted_close,fixture
BBNI.JK,2026-05-29,4640,4640,800000,,IDR,adjusted_close,fixture
BBNI.JK,2026-05-30,4660,4660,800000,,IDR,adjusted_close,fixture
BBNI.JK,2026-06-02,4680,4680,800000,,IDR,adjusted_close,fixture
BBNI.JK,2026-06-03,4700,4700,800000,,IDR,adjusted_close,fixture
BBNI.JK,2026-06-04,4720,4720,800000,,IDR,adjusted_close,fixture
BBNI.JK,2026-06-05,4740,4740,800000,,IDR,adjusted_close,fixture
BBNI.JK,2026-06-06,4760,4760,800000,,IDR,adjusted_close,fixture
BBNI.JK,2026-06-09,4780,4780,800000,,IDR,adjusted_close,fixture
BBNI.JK,2026-06-10,4800,4800,800000,,IDR,adjusted_close,fixture
BBNI.JK,2026-06-11,4820,4820,800000,,IDR,adjusted_close,fixture
BBNI.JK,2026-06-12,4840,4840,800000,,IDR,adjusted_close,fixture
BBNI.JK,2026-06-13,4860,4860,800000,,IDR,adjusted_close,fixture
BBNI.JK,2026-06-16,4880,4880,800000,,IDR,adjusted_close,fixture
BBNI.JK,2026-06-17,4900,4900,800000,,IDR,adjusted_close,fixture
BBNI.JK,2026-06-18,4920,4920,800000,,IDR,adjusted_close,fixture
BBNI.JK,2026-06-19,4940,4940,800000,,IDR,adjusted_close,fixture
BBNI.JK,2026-06-20,4960,4960,800000,,IDR,adjusted_close,fixture
BBNI.JK,2026-06-23,4980,4980,800000,,IDR,adjusted_close,fixture
BBNI.JK,2026-06-24,5000,5000,800000,,IDR,adjusted_close,fixture
BBNI.JK,2026-06-25,5020,5020,800000,,IDR,adjusted_close,fixture
BBNI.JK,2026-06-26,5040,5040,800000,,IDR,adjusted_close,fixture
BBNI.JK,2026-06-27,5060,5060,800000,,IDR,adjusted_close,fixture
BBNI.JK,2026-06-30,5080,5080,800000,,IDR,adjusted_close,fixture
BBNI.JK,2026-07-01,5100,5100,800000,,IDR,adjusted_close,fixture
BBNI.JK,2026-07-02,5120,5120,800000,,IDR,adjusted_close,fixture
BBNI.JK,2026-07-03,5140,5140,800000,,IDR,adjusted_close,fixture
BBNI.JK,2026-07-06,5160,5160,800000,,IDR,adjusted_close,fixture
BBNI.JK,2026-07-07,5180,5180,800000,,IDR,adjusted_close,fixture
BBNI.JK,2026-07-08,5200,5200,800000,,IDR,adjusted_close,fixture
BBNI.JK,2026-07-09,5220,5220,800000,,IDR,adjusted_close,fixture
BBNI.JK,2026-07-10,5240,5240,800000,,IDR,adjusted_close,fixture
BBNI.JK,2026-07-13,5260,5260,800000,,IDR,adjusted_close,fixture
BBNI.JK,2026-07-14,5280,5280,800000,,IDR,adjusted_close,fixture
BBNI.JK,2026-07-15,5300,5300,800000,,IDR,adjusted_close,fixture
BBNI.JK,2026-07-16,5320,5320,800000,,IDR,adjusted_close,fixture
BBNI.JK,2026-07-17,5340,5340,800000,,IDR,adjusted_close,fixture
BBNI.JK,2026-07-20,5360,5360,800000,,IDR,adjusted_close,fixture
BBNI.JK,2026-07-21,5380,5380,800000,,IDR,adjusted_close,fixture
BBNI.JK,2026-07-22,5400,5400,800000,,IDR,adjusted_close,fixture
BBNI.JK,2026-07-23,5420,5420,800000,,IDR,adjusted_close,fixture
BBNI.JK,2026-07-24,5440,5440,800000,,IDR,adjusted_close,fixture
BBNI.JK,2026-07-27,5460,5460,800000,,IDR,adjusted_close,fixture
BBNI.JK,2026-07-28,5480,5480,800000,,IDR,adjusted_close,fixture
BBNI.JK,2026-07-29,5500,5500,800000,,IDR,adjusted_close,fixture
BBNI.JK,2026-07-30,5520,5520,800000,,IDR,adjusted_close,fixture
BBNI.JK,2026-07-31,5540,5540,800000,,IDR,adjusted_close,fixture
BBNI.JK,2026-08-03,5560,5560,800000,,IDR,adjusted_close,fixture
BBNI.JK,2026-08-04,5580,5580,800000,,IDR,adjusted_close,fixture
BBNI.JK,2026-08-05,5600,5600,800000,,IDR,adjusted_close,fixture
BBNI.JK,2026-08-06,5620,5620,800000,,IDR,adjusted_close,fixture
BBNI.JK,2026-08-07,5640,5640,800000,,IDR,adjusted_close,fixture
BBNI.JK,2026-08-10,5660,5660,800000,,IDR,adjusted_close,fixture
BBNI.JK,2026-08-11,5680,5680,800000,,IDR,adjusted_close,fixture
BBNI.JK,2026-08-12,5700,5700,800000,,IDR,adjusted_close,fixture
BBNI.JK,2026-08-13,5720,5720,800000,,IDR,adjusted_close,fixture
BBNI.JK,2026-08-14,5740,5740,800000,,IDR,adjusted_close,fixture
BBNI.JK,2026-08-17,5760,5760,800000,,IDR,adjusted_close,fixture
BBNI.JK,2026-08-18,5780,5780,800000,,IDR,adjusted_close,fixture
BBNI.JK,2026-08-19,5800,5800,800000,,IDR,adjusted_close,fixture
BBNI.JK,2026-08-20,5820,5820,800000,,IDR,adjusted_close,fixture
TLKM.JK,2026-05-20,4000,4000,900000,,IDR,adjusted_close,fixture
TLKM.JK,2026-05-21,3990,3990,900000,,IDR,adjusted_close,fixture
TLKM.JK,2026-05-22,3980,3980,900000,,IDR,adjusted_close,fixture
TLKM.JK,2026-05-23,3970,3970,900000,,IDR,adjusted_close,fixture
TLKM.JK,2026-05-26,3960,3960,900000,,IDR,adjusted_close,fixture
TLKM.JK,2026-05-27,3950,3950,900000,,IDR,adjusted_close,fixture
TLKM.JK,2026-05-28,3940,3940,900000,,IDR,adjusted_close,fixture
TLKM.JK,2026-05-29,3930,3930,900000,,IDR,adjusted_close,fixture
TLKM.JK,2026-05-30,3920,3920,900000,,IDR,adjusted_close,fixture
TLKM.JK,2026-06-02,3910,3910,900000,,IDR,adjusted_close,fixture
TLKM.JK,2026-06-03,3900,3900,900000,,IDR,adjusted_close,fixture
TLKM.JK,2026-06-04,3890,3890,900000,,IDR,adjusted_close,fixture
TLKM.JK,2026-06-05,3880,3880,900000,,IDR,adjusted_close,fixture
TLKM.JK,2026-06-06,3870,3870,900000,,IDR,adjusted_close,fixture
TLKM.JK,2026-06-09,3860,3860,900000,,IDR,adjusted_close,fixture
TLKM.JK,2026-06-10,3850,3850,900000,,IDR,adjusted_close,fixture
TLKM.JK,2026-06-11,3840,3840,900000,,IDR,adjusted_close,fixture
TLKM.JK,2026-06-12,3830,3830,900000,,IDR,adjusted_close,fixture
TLKM.JK,2026-06-13,3820,3820,900000,,IDR,adjusted_close,fixture
TLKM.JK,2026-06-16,3810,3810,900000,,IDR,adjusted_close,fixture
TLKM.JK,2026-06-17,3800,3800,900000,,IDR,adjusted_close,fixture
TLKM.JK,2026-06-18,3790,3790,900000,,IDR,adjusted_close,fixture
TLKM.JK,2026-06-19,3780,3780,900000,,IDR,adjusted_close,fixture
TLKM.JK,2026-06-20,3770,3770,900000,,IDR,adjusted_close,fixture
TLKM.JK,2026-06-23,3760,3760,900000,,IDR,adjusted_close,fixture
TLKM.JK,2026-06-24,3750,3750,900000,,IDR,adjusted_close,fixture
TLKM.JK,2026-06-25,3740,3740,900000,,IDR,adjusted_close,fixture
TLKM.JK,2026-06-26,3730,3730,900000,,IDR,adjusted_close,fixture
TLKM.JK,2026-06-27,3720,3720,900000,,IDR,adjusted_close,fixture
TLKM.JK,2026-06-30,3710,3710,900000,,IDR,adjusted_close,fixture
TLKM.JK,2026-07-01,3700,3700,900000,,IDR,adjusted_close,fixture
TLKM.JK,2026-07-02,3690,3690,900000,,IDR,adjusted_close,fixture
TLKM.JK,2026-07-03,3680,3680,900000,,IDR,adjusted_close,fixture
TLKM.JK,2026-07-06,3670,3670,900000,,IDR,adjusted_close,fixture
TLKM.JK,2026-07-07,3660,3660,900000,,IDR,adjusted_close,fixture
TLKM.JK,2026-07-08,3650,3650,900000,,IDR,adjusted_close,fixture
TLKM.JK,2026-07-09,3640,3640,900000,,IDR,adjusted_close,fixture
TLKM.JK,2026-07-10,3630,3630,900000,,IDR,adjusted_close,fixture
TLKM.JK,2026-07-13,3620,3620,900000,,IDR,adjusted_close,fixture
TLKM.JK,2026-07-14,3610,3610,900000,,IDR,adjusted_close,fixture
TLKM.JK,2026-07-15,3600,3600,900000,,IDR,adjusted_close,fixture
TLKM.JK,2026-07-16,3590,3590,900000,,IDR,adjusted_close,fixture
TLKM.JK,2026-07-17,3580,3580,900000,,IDR,adjusted_close,fixture
TLKM.JK,2026-07-20,3570,3570,900000,,IDR,adjusted_close,fixture
TLKM.JK,2026-07-21,3560,3560,900000,,IDR,adjusted_close,fixture
TLKM.JK,2026-07-22,3550,3550,900000,,IDR,adjusted_close,fixture
TLKM.JK,2026-07-23,3540,3540,900000,,IDR,adjusted_close,fixture
TLKM.JK,2026-07-24,3530,3530,900000,,IDR,adjusted_close,fixture
TLKM.JK,2026-07-27,3520,3520,900000,,IDR,adjusted_close,fixture
TLKM.JK,2026-07-28,3510,3510,900000,,IDR,adjusted_close,fixture
TLKM.JK,2026-07-29,3500,3500,900000,,IDR,adjusted_close,fixture
TLKM.JK,2026-07-30,3490,3490,900000,,IDR,adjusted_close,fixture
TLKM.JK,2026-07-31,3480,3480,900000,,IDR,adjusted_close,fixture
TLKM.JK,2026-08-03,3470,3470,900000,,IDR,adjusted_close,fixture
TLKM.JK,2026-08-04,3460,3460,900000,,IDR,adjusted_close,fixture
TLKM.JK,2026-08-05,3450,3450,900000,,IDR,adjusted_close,fixture
TLKM.JK,2026-08-06,3440,3440,900000,,IDR,adjusted_close,fixture
TLKM.JK,2026-08-07,3430,3430,900000,,IDR,adjusted_close,fixture
TLKM.JK,2026-08-10,3420,3420,900000,,IDR,adjusted_close,fixture
TLKM.JK,2026-08-11,3410,3410,900000,,IDR,adjusted_close,fixture
TLKM.JK,2026-08-12,3400,3400,900000,,IDR,adjusted_close,fixture
TLKM.JK,2026-08-13,3390,3390,900000,,IDR,adjusted_close,fixture
TLKM.JK,2026-08-14,3380,3380,900000,,IDR,adjusted_close,fixture
TLKM.JK,2026-08-17,3370,3370,900000,,IDR,adjusted_close,fixture
TLKM.JK,2026-08-18,3360,3360,900000,,IDR,adjusted_close,fixture
TLKM.JK,2026-08-19,3350,3350,900000,,IDR,adjusted_close,fixture
TLKM.JK,2026-08-20,3340,3340,900000,,IDR,adjusted_close,fixture
ISAT.JK,2026-05-20,7000,7000,600000,,IDR,adjusted_close,fixture
ISAT.JK,2026-05-21,7020,7020,600000,,IDR,adjusted_close,fixture
ISAT.JK,2026-05-22,7040,7040,600000,,IDR,adjusted_close,fixture
ISAT.JK,2026-05-23,7060,7060,600000,,IDR,adjusted_close,fixture
ISAT.JK,2026-05-26,7080,7080,600000,,IDR,adjusted_close,fixture
ISAT.JK,2026-05-27,7100,7100,600000,,IDR,adjusted_close,fixture
ISAT.JK,2026-05-28,7120,7120,600000,,IDR,adjusted_close,fixture
ISAT.JK,2026-05-29,7140,7140,600000,,IDR,adjusted_close,fixture
ISAT.JK,2026-05-30,7160,7160,600000,,IDR,adjusted_close,fixture
ISAT.JK,2026-06-02,7180,7180,600000,,IDR,adjusted_close,fixture
ISAT.JK,2026-06-03,7200,7200,600000,,IDR,adjusted_close,fixture
ISAT.JK,2026-06-04,7220,7220,600000,,IDR,adjusted_close,fixture
ISAT.JK,2026-06-05,7240,7240,600000,,IDR,adjusted_close,fixture
ISAT.JK,2026-06-06,7260,7260,600000,,IDR,adjusted_close,fixture
ISAT.JK,2026-06-09,7280,7280,600000,,IDR,adjusted_close,fixture
ISAT.JK,2026-06-10,7300,7300,600000,,IDR,adjusted_close,fixture
ISAT.JK,2026-06-11,7320,7320,600000,,IDR,adjusted_close,fixture
ISAT.JK,2026-06-12,7340,7340,600000,,IDR,adjusted_close,fixture
ISAT.JK,2026-06-13,7360,7360,600000,,IDR,adjusted_close,fixture
ISAT.JK,2026-06-16,7380,7380,600000,,IDR,adjusted_close,fixture
ISAT.JK,2026-06-17,7400,7400,600000,,IDR,adjusted_close,fixture
ISAT.JK,2026-06-18,7420,7420,600000,,IDR,adjusted_close,fixture
ISAT.JK,2026-06-19,7440,7440,600000,,IDR,adjusted_close,fixture
ISAT.JK,2026-06-20,7460,7460,600000,,IDR,adjusted_close,fixture
ISAT.JK,2026-06-23,7480,7480,600000,,IDR,adjusted_close,fixture
ISAT.JK,2026-06-24,7500,7500,600000,,IDR,adjusted_close,fixture
ISAT.JK,2026-06-25,7520,7520,600000,,IDR,adjusted_close,fixture
ISAT.JK,2026-06-26,7540,7540,600000,,IDR,adjusted_close,fixture
ISAT.JK,2026-06-27,7560,7560,600000,,IDR,adjusted_close,fixture
ISAT.JK,2026-06-30,7580,7580,600000,,IDR,adjusted_close,fixture
ISAT.JK,2026-07-01,7600,7600,600000,,IDR,adjusted_close,fixture
ISAT.JK,2026-07-02,7620,7620,600000,,IDR,adjusted_close,fixture
ISAT.JK,2026-07-03,7640,7640,600000,,IDR,adjusted_close,fixture
ISAT.JK,2026-07-06,7660,7660,600000,,IDR,adjusted_close,fixture
ISAT.JK,2026-07-07,7680,7680,600000,,IDR,adjusted_close,fixture
ISAT.JK,2026-07-08,7700,7700,600000,,IDR,adjusted_close,fixture
ISAT.JK,2026-07-09,7720,7720,600000,,IDR,adjusted_close,fixture
ISAT.JK,2026-07-10,7740,7740,600000,,IDR,adjusted_close,fixture
ISAT.JK,2026-07-13,7760,7760,600000,,IDR,adjusted_close,fixture
ISAT.JK,2026-07-14,7780,7780,600000,,IDR,adjusted_close,fixture
ISAT.JK,2026-07-15,7800,7800,600000,,IDR,adjusted_close,fixture
ISAT.JK,2026-07-16,7820,7820,600000,,IDR,adjusted_close,fixture
ISAT.JK,2026-07-17,7840,7840,600000,,IDR,adjusted_close,fixture
ISAT.JK,2026-07-20,7860,7860,600000,,IDR,adjusted_close,fixture
ISAT.JK,2026-07-21,7880,7880,600000,,IDR,adjusted_close,fixture
ISAT.JK,2026-07-22,7900,7900,600000,,IDR,adjusted_close,fixture
ISAT.JK,2026-07-23,7920,7920,600000,,IDR,adjusted_close,fixture
ISAT.JK,2026-07-24,7940,7940,600000,,IDR,adjusted_close,fixture
ISAT.JK,2026-07-27,7960,7960,600000,,IDR,adjusted_close,fixture
ISAT.JK,2026-07-28,7980,7980,600000,,IDR,adjusted_close,fixture
ISAT.JK,2026-07-29,8000,8000,600000,,IDR,adjusted_close,fixture
ISAT.JK,2026-07-30,8020,8020,600000,,IDR,adjusted_close,fixture
ISAT.JK,2026-07-31,8040,8040,600000,,IDR,adjusted_close,fixture
ISAT.JK,2026-08-03,8060,8060,600000,,IDR,adjusted_close,fixture
ISAT.JK,2026-08-04,8080,8080,600000,,IDR,adjusted_close,fixture
ISAT.JK,2026-08-05,8100,8100,600000,,IDR,adjusted_close,fixture
ISAT.JK,2026-08-06,8120,8120,600000,,IDR,adjusted_close,fixture
ISAT.JK,2026-08-07,8140,8140,600000,,IDR,adjusted_close,fixture
ISAT.JK,2026-08-10,8160,8160,600000,,IDR,adjusted_close,fixture
ISAT.JK,2026-08-11,8180,8180,600000,,IDR,adjusted_close,fixture
ISAT.JK,2026-08-12,8200,8200,600000,,IDR,adjusted_close,fixture
ISAT.JK,2026-08-13,8220,8220,600000,,IDR,adjusted_close,fixture
ISAT.JK,2026-08-14,8240,8240,600000,,IDR,adjusted_close,fixture
ISAT.JK,2026-08-17,8260,8260,600000,,IDR,adjusted_close,fixture
ISAT.JK,2026-08-18,8280,8280,600000,,IDR,adjusted_close,fixture
ISAT.JK,2026-08-19,8300,8300,600000,,IDR,adjusted_close,fixture
ISAT.JK,2026-08-20,8320,8320,600000,,IDR,adjusted_close,fixture
EXCL.JK,2026-05-20,3000,3000,500000,,IDR,adjusted_close,fixture
EXCL.JK,2026-05-21,3010,3010,500000,,IDR,adjusted_close,fixture
EXCL.JK,2026-05-22,3020,3020,500000,,IDR,adjusted_close,fixture
EXCL.JK,2026-05-23,3030,3030,500000,,IDR,adjusted_close,fixture
EXCL.JK,2026-05-26,3040,3040,500000,,IDR,adjusted_close,fixture
EXCL.JK,2026-05-27,3050,3050,500000,,IDR,adjusted_close,fixture
EXCL.JK,2026-05-28,3060,3060,500000,,IDR,adjusted_close,fixture
EXCL.JK,2026-05-29,3070,3070,500000,,IDR,adjusted_close,fixture
EXCL.JK,2026-05-30,3080,3080,500000,,IDR,adjusted_close,fixture
EXCL.JK,2026-06-02,3090,3090,500000,,IDR,adjusted_close,fixture
EXCL.JK,2026-06-03,3100,3100,500000,,IDR,adjusted_close,fixture
EXCL.JK,2026-06-04,3110,3110,500000,,IDR,adjusted_close,fixture
EXCL.JK,2026-06-05,3120,3120,500000,,IDR,adjusted_close,fixture
EXCL.JK,2026-06-06,3130,3130,500000,,IDR,adjusted_close,fixture
EXCL.JK,2026-06-09,3140,3140,500000,,IDR,adjusted_close,fixture
EXCL.JK,2026-06-10,3150,3150,500000,,IDR,adjusted_close,fixture
EXCL.JK,2026-06-11,3160,3160,500000,,IDR,adjusted_close,fixture
EXCL.JK,2026-06-12,3170,3170,500000,,IDR,adjusted_close,fixture
EXCL.JK,2026-06-13,3180,3180,500000,,IDR,adjusted_close,fixture
EXCL.JK,2026-06-16,3190,3190,500000,,IDR,adjusted_close,fixture
EXCL.JK,2026-06-17,3200,3200,500000,,IDR,adjusted_close,fixture
EXCL.JK,2026-06-18,3210,3210,500000,,IDR,adjusted_close,fixture
EXCL.JK,2026-06-19,3220,3220,500000,,IDR,adjusted_close,fixture
EXCL.JK,2026-06-20,3230,3230,500000,,IDR,adjusted_close,fixture
EXCL.JK,2026-06-23,3240,3240,500000,,IDR,adjusted_close,fixture
EXCL.JK,2026-06-24,3250,3250,500000,,IDR,adjusted_close,fixture
EXCL.JK,2026-06-25,3260,3260,500000,,IDR,adjusted_close,fixture
EXCL.JK,2026-06-26,3270,3270,500000,,IDR,adjusted_close,fixture
EXCL.JK,2026-06-27,3280,3280,500000,,IDR,adjusted_close,fixture
EXCL.JK,2026-06-30,3290,3290,500000,,IDR,adjusted_close,fixture
EXCL.JK,2026-07-01,3300,3300,500000,,IDR,adjusted_close,fixture
EXCL.JK,2026-07-02,3310,3310,500000,,IDR,adjusted_close,fixture
EXCL.JK,2026-07-03,3320,3320,500000,,IDR,adjusted_close,fixture
EXCL.JK,2026-07-06,3330,3330,500000,,IDR,adjusted_close,fixture
EXCL.JK,2026-07-07,3340,3340,500000,,IDR,adjusted_close,fixture
EXCL.JK,2026-07-08,3350,3350,500000,,IDR,adjusted_close,fixture
EXCL.JK,2026-07-09,3350,3350,500000,,IDR,adjusted_close,fixture
EXCL.JK,2026-07-10,3370,3370,500000,,IDR,adjusted_close,fixture
EXCL.JK,2026-07-13,3380,3380,500000,,IDR,adjusted_close,fixture
EXCL.JK,2026-07-14,3390,3390,500000,,IDR,adjusted_close,fixture
EXCL.JK,2026-07-15,3400,3400,500000,,IDR,adjusted_close,fixture
EXCL.JK,2026-07-16,3410,3410,500000,,IDR,adjusted_close,fixture
EXCL.JK,2026-07-17,3420,3420,500000,,IDR,adjusted_close,fixture
EXCL.JK,2026-07-20,3430,3430,500000,,IDR,adjusted_close,fixture
EXCL.JK,2026-07-21,3440,3440,500000,,IDR,adjusted_close,fixture
EXCL.JK,2026-07-22,3450,3450,500000,,IDR,adjusted_close,fixture
EXCL.JK,2026-07-23,3460,3460,500000,,IDR,adjusted_close,fixture
EXCL.JK,2026-07-24,3470,3470,500000,,IDR,adjusted_close,fixture
EXCL.JK,2026-07-27,3480,3480,500000,,IDR,adjusted_close,fixture
EXCL.JK,2026-07-28,3490,3490,500000,,IDR,adjusted_close,fixture
EXCL.JK,2026-07-29,3500,3500,500000,,IDR,adjusted_close,fixture
EXCL.JK,2026-07-30,3510,3510,500000,,IDR,adjusted_close,fixture
EXCL.JK,2026-07-31,3520,3520,500000,,IDR,adjusted_close,fixture
EXCL.JK,2026-08-03,3530,3530,500000,,IDR,adjusted_close,fixture
EXCL.JK,2026-08-04,3540,3540,500000,,IDR,adjusted_close,fixture
EXCL.JK,2026-08-05,3550,3550,500000,,IDR,adjusted_close,fixture
EXCL.JK,2026-08-06,3560,3560,500000,,IDR,adjusted_close,fixture
EXCL.JK,2026-08-07,3570,3570,500000,,IDR,adjusted_close,fixture
EXCL.JK,2026-08-10,3580,3580,500000,,IDR,adjusted_close,fixture
EXCL.JK,2026-08-11,3590,3590,500000,,IDR,adjusted_close,fixture
EXCL.JK,2026-08-12,3600,3600,500000,,IDR,adjusted_close,fixture
EXCL.JK,2026-08-13,3610,3610,500000,,IDR,adjusted_close,fixture
EXCL.JK,2026-08-14,3620,3620,500000,,IDR,adjusted_close,fixture
EXCL.JK,2026-08-17,3630,3630,500000,,IDR,adjusted_close,fixture
EXCL.JK,2026-08-18,3640,3640,500000,,IDR,adjusted_close,fixture
EXCL.JK,2026-08-19,3650,3650,500000,,IDR,adjusted_close,fixture
EXCL.JK,2026-08-20,3660,3660,500000,,IDR,adjusted_close,fixture
ASII.JK,2026-05-20,5500,5500,700000,,IDR,adjusted_close,fixture
ASII.JK,2026-05-21,5520,5520,700000,,IDR,adjusted_close,fixture
ASII.JK,2026-05-22,5540,5540,700000,,IDR,adjusted_close,fixture
ASII.JK,2026-05-23,5560,5560,700000,,IDR,adjusted_close,fixture
ASII.JK,2026-05-26,5580,5580,700000,,IDR,adjusted_close,fixture
ASII.JK,2026-05-27,5600,5600,700000,,IDR,adjusted_close,fixture
ASII.JK,2026-05-28,5620,5620,700000,,IDR,adjusted_close,fixture
ASII.JK,2026-05-29,5640,5640,700000,,IDR,adjusted_close,fixture
ASII.JK,2026-05-30,5660,5660,700000,,IDR,adjusted_close,fixture
ASII.JK,2026-06-02,5680,5680,700000,,IDR,adjusted_close,fixture
ASII.JK,2026-06-03,5700,5700,700000,,IDR,adjusted_close,fixture
ASII.JK,2026-06-04,5720,5720,700000,,IDR,adjusted_close,fixture
ASII.JK,2026-06-05,5740,5740,700000,,IDR,adjusted_close,fixture
ASII.JK,2026-06-06,5760,5760,700000,,IDR,adjusted_close,fixture
ASII.JK,2026-06-09,5780,5780,700000,,IDR,adjusted_close,fixture
ASII.JK,2026-06-10,5800,5800,700000,,IDR,adjusted_close,fixture
ASII.JK,2026-06-11,5820,5820,700000,,IDR,adjusted_close,fixture
ASII.JK,2026-06-12,5840,5840,700000,,IDR,adjusted_close,fixture
ASII.JK,2026-06-13,5860,5860,700000,,IDR,adjusted_close,fixture
ASII.JK,2026-06-16,5880,5880,700000,,IDR,adjusted_close,fixture
ASII.JK,2026-06-17,5900,5900,700000,,IDR,adjusted_close,fixture
ASII.JK,2026-06-18,5920,5920,700000,,IDR,adjusted_close,fixture
ASII.JK,2026-06-19,5940,5940,700000,,IDR,adjusted_close,fixture
ASII.JK,2026-06-20,5960,5960,700000,,IDR,adjusted_close,fixture
ASII.JK,2026-06-23,5980,5980,700000,,IDR,adjusted_close,fixture
ASII.JK,2026-06-24,6000,6000,700000,,IDR,adjusted_close,fixture
ASII.JK,2026-06-25,6020,6020,700000,,IDR,adjusted_close,fixture
ASII.JK,2026-06-26,6040,6040,700000,,IDR,adjusted_close,fixture
ASII.JK,2026-06-27,6060,6060,700000,,IDR,adjusted_close,fixture
ASII.JK,2026-06-30,6080,6080,700000,,IDR,adjusted_close,fixture
ASII.JK,2026-07-01,6100,6100,700000,,IDR,adjusted_close,fixture
ASII.JK,2026-07-02,6120,6120,700000,,IDR,adjusted_close,fixture
ASII.JK,2026-07-03,6140,6140,700000,,IDR,adjusted_close,fixture
ASII.JK,2026-07-06,6160,6160,700000,,IDR,adjusted_close,fixture
ASII.JK,2026-07-07,6180,6180,700000,,IDR,adjusted_close,fixture
ASII.JK,2026-07-08,6200,6200,700000,,IDR,adjusted_close,fixture
ASII.JK,2026-07-09,6220,6220,700000,,IDR,adjusted_close,fixture
ASII.JK,2026-07-10,6240,6240,700000,,IDR,adjusted_close,fixture
ASII.JK,2026-07-13,6260,6260,700000,,IDR,adjusted_close,fixture
ASII.JK,2026-07-14,6280,6280,700000,,IDR,adjusted_close,fixture
ASII.JK,2026-07-15,6300,6300,700000,,IDR,adjusted_close,fixture
ASII.JK,2026-07-16,6320,6320,700000,,IDR,adjusted_close,fixture
ASII.JK,2026-07-17,6340,6340,700000,,IDR,adjusted_close,fixture
ASII.JK,2026-07-20,6360,6360,700000,,IDR,adjusted_close,fixture
ASII.JK,2026-07-21,6380,6380,700000,,IDR,adjusted_close,fixture
ASII.JK,2026-07-22,6400,6400,700000,,IDR,adjusted_close,fixture
ASII.JK,2026-07-23,6420,6420,700000,,IDR,adjusted_close,fixture
ASII.JK,2026-07-24,6440,6440,700000,,IDR,adjusted_close,fixture
ASII.JK,2026-07-27,6460,6460,700000,,IDR,adjusted_close,fixture
ASII.JK,2026-07-28,6480,6480,700000,,IDR,adjusted_close,fixture
ASII.JK,2026-07-29,6500,6500,700000,,IDR,adjusted_close,fixture
ASII.JK,2026-07-30,6520,6520,700000,,IDR,adjusted_close,fixture
ASII.JK,2026-07-31,6540,6540,700000,,IDR,adjusted_close,fixture
ASII.JK,2026-08-03,6560,6560,700000,,IDR,adjusted_close,fixture
ASII.JK,2026-08-04,6580,6580,700000,,IDR,adjusted_close,fixture
ASII.JK,2026-08-05,6600,6600,700000,,IDR,adjusted_close,fixture
ASII.JK,2026-08-06,6620,6620,700000,,IDR,adjusted_close,fixture
ASII.JK,2026-08-07,6640,6640,700000,,IDR,adjusted_close,fixture
ASII.JK,2026-08-10,6660,6660,700000,,IDR,adjusted_close,fixture
ASII.JK,2026-08-11,6680,6680,700000,,IDR,adjusted_close,fixture
ASII.JK,2026-08-12,6700,6700,700000,,IDR,adjusted_close,fixture
ASII.JK,2026-08-13,6720,6720,700000,,IDR,adjusted_close,fixture
ASII.JK,2026-08-14,6740,6740,700000,,IDR,adjusted_close,fixture
ASII.JK,2026-08-17,6760,6760,700000,,IDR,adjusted_close,fixture
ASII.JK,2026-08-18,6780,6780,700000,,IDR,adjusted_close,fixture
ASII.JK,2026-08-19,6800,6800,700000,,IDR,adjusted_close,fixture
ASII.JK,2026-08-20,6820,6820,700000,,IDR,adjusted_close,fixture
UNTR.JK,2026-05-20,20000,20000,300000,,IDR,adjusted_close,fixture
UNTR.JK,2026-05-21,20100,20100,300000,,IDR,adjusted_close,fixture
UNTR.JK,2026-05-22,20200,20200,300000,,IDR,adjusted_close,fixture
UNTR.JK,2026-05-23,20300,20300,300000,,IDR,adjusted_close,fixture
UNTR.JK,2026-05-26,20400,20400,300000,,IDR,adjusted_close,fixture
UNTR.JK,2026-05-27,20500,20500,300000,,IDR,adjusted_close,fixture
UNTR.JK,2026-05-28,20600,20600,300000,,IDR,adjusted_close,fixture
UNTR.JK,2026-05-29,20700,20700,300000,,IDR,adjusted_close,fixture
UNTR.JK,2026-05-30,20800,20800,300000,,IDR,adjusted_close,fixture
UNTR.JK,2026-06-02,20900,20900,300000,,IDR,adjusted_close,fixture
UNTR.JK,2026-06-03,21000,21000,300000,,IDR,adjusted_close,fixture
UNTR.JK,2026-06-04,21100,21100,300000,,IDR,adjusted_close,fixture
UNTR.JK,2026-06-05,21200,21200,300000,,IDR,adjusted_close,fixture
UNTR.JK,2026-06-06,21300,21300,300000,,IDR,adjusted_close,fixture
UNTR.JK,2026-06-09,21400,21400,300000,,IDR,adjusted_close,fixture
UNTR.JK,2026-06-10,21500,21500,300000,,IDR,adjusted_close,fixture
UNTR.JK,2026-06-11,21600,21600,300000,,IDR,adjusted_close,fixture
UNTR.JK,2026-06-12,21700,21700,300000,,IDR,adjusted_close,fixture
UNTR.JK,2026-06-13,21800,21800,300000,,IDR,adjusted_close,fixture
UNTR.JK,2026-06-16,21900,21900,300000,,IDR,adjusted_close,fixture
UNTR.JK,2026-06-17,22000,22000,300000,,IDR,adjusted_close,fixture
UNTR.JK,2026-06-18,22100,22100,300000,,IDR,adjusted_close,fixture
UNTR.JK,2026-06-19,22200,22200,300000,,IDR,adjusted_close,fixture
UNTR.JK,2026-06-20,22300,22300,300000,,IDR,adjusted_close,fixture
UNTR.JK,2026-06-23,22400,22400,300000,,IDR,adjusted_close,fixture
UNTR.JK,2026-06-24,22500,22500,300000,,IDR,adjusted_close,fixture
UNTR.JK,2026-06-25,22600,22600,300000,,IDR,adjusted_close,fixture
UNTR.JK,2026-06-26,22700,22700,300000,,IDR,adjusted_close,fixture
UNTR.JK,2026-06-27,22800,22800,300000,,IDR,adjusted_close,fixture
UNTR.JK,2026-06-30,22900,22900,300000,,IDR,adjusted_close,fixture
UNTR.JK,2026-07-01,23000,23000,300000,,IDR,adjusted_close,fixture
UNTR.JK,2026-07-02,23100,23100,300000,,IDR,adjusted_close,fixture
UNTR.JK,2026-07-03,23200,23200,300000,,IDR,adjusted_close,fixture
UNTR.JK,2026-07-06,23300,23300,300000,,IDR,adjusted_close,fixture
UNTR.JK,2026-07-07,23400,23400,300000,,IDR,adjusted_close,fixture
UNTR.JK,2026-07-08,23500,23500,300000,,IDR,adjusted_close,fixture
UNTR.JK,2026-07-09,23600,23600,300000,,IDR,adjusted_close,fixture
UNTR.JK,2026-07-10,23700,23700,300000,,IDR,adjusted_close,fixture
UNTR.JK,2026-07-13,23800,23800,300000,,IDR,adjusted_close,fixture
UNTR.JK,2026-07-14,23900,23900,300000,,IDR,adjusted_close,fixture
UNTR.JK,2026-07-15,24000,24000,300000,,IDR,adjusted_close,fixture
UNTR.JK,2026-07-16,24100,24100,300000,,IDR,adjusted_close,fixture
UNTR.JK,2026-07-17,24200,24200,300000,,IDR,adjusted_close,fixture
UNTR.JK,2026-07-20,24300,24300,300000,,IDR,adjusted_close,fixture
UNTR.JK,2026-07-21,24400,24400,300000,,IDR,adjusted_close,fixture
UNTR.JK,2026-07-22,24500,24500,300000,,IDR,adjusted_close,fixture
UNTR.JK,2026-07-23,24600,24600,300000,,IDR,adjusted_close,fixture
UNTR.JK,2026-07-24,24700,24700,300000,,IDR,adjusted_close,fixture
UNTR.JK,2026-07-27,24800,24800,300000,,IDR,adjusted_close,fixture
UNTR.JK,2026-07-28,24900,24900,300000,,IDR,adjusted_close,fixture
UNTR.JK,2026-07-29,25000,25000,300000,,IDR,adjusted_close,fixture
UNTR.JK,2026-07-30,25100,25100,300000,,IDR,adjusted_close,fixture
UNTR.JK,2026-07-31,25200,25200,300000,,IDR,adjusted_close,fixture
UNTR.JK,2026-08-03,25300,25300,300000,,IDR,adjusted_close,fixture
UNTR.JK,2026-08-04,25400,25400,300000,,IDR,adjusted_close,fixture
UNTR.JK,2026-08-05,25500,25500,300000,,IDR,adjusted_close,fixture
UNTR.JK,2026-08-06,25600,25600,300000,,IDR,adjusted_close,fixture
UNTR.JK,2026-08-07,25700,25700,300000,,IDR,adjusted_close,fixture
UNTR.JK,2026-08-10,25800,25800,300000,,IDR,adjusted_close,fixture
UNTR.JK,2026-08-11,25900,25900,300000,,IDR,adjusted_close,fixture
UNTR.JK,2026-08-12,26000,26000,300000,,IDR,adjusted_close,fixture
UNTR.JK,2026-08-13,26100,26100,300000,,IDR,adjusted_close,fixture
UNTR.JK,2026-08-14,26200,26200,300000,,IDR,adjusted_close,fixture
UNTR.JK,2026-08-17,26300,26300,300000,,IDR,adjusted_close,fixture
UNTR.JK,2026-08-18,26400,26400,300000,,IDR,adjusted_close,fixture
UNTR.JK,2026-08-19,26500,26500,300000,,IDR,adjusted_close,fixture
UNTR.JK,2026-08-20,26600,26600,300000,,IDR,adjusted_close,fixture
ICBP.JK,2026-05-20,10000,10000,400000,,IDR,adjusted_close,fixture
ICBP.JK,2026-05-21,10050,10050,400000,,IDR,adjusted_close,fixture
ICBP.JK,2026-05-22,10100,10100,400000,,IDR,adjusted_close,fixture
ICBP.JK,2026-05-23,10150,10150,400000,,IDR,adjusted_close,fixture
ICBP.JK,2026-05-26,10200,10200,400000,,IDR,adjusted_close,fixture
ICBP.JK,2026-05-27,10250,10250,400000,,IDR,adjusted_close,fixture
ICBP.JK,2026-05-28,10300,10300,400000,,IDR,adjusted_close,fixture
ICBP.JK,2026-05-29,10350,10350,400000,,IDR,adjusted_close,fixture
ICBP.JK,2026-05-30,10400,10400,400000,,IDR,adjusted_close,fixture
ICBP.JK,2026-06-02,10450,10450,400000,,IDR,adjusted_close,fixture
ICBP.JK,2026-06-03,10500,10500,400000,,IDR,adjusted_close,fixture
ICBP.JK,2026-06-04,10550,10550,400000,,IDR,adjusted_close,fixture
ICBP.JK,2026-06-05,10600,10600,400000,,IDR,adjusted_close,fixture
ICBP.JK,2026-06-06,10650,10650,400000,,IDR,adjusted_close,fixture
ICBP.JK,2026-06-09,10700,10700,400000,,IDR,adjusted_close,fixture
ICBP.JK,2026-06-10,10750,10750,400000,,IDR,adjusted_close,fixture
ICBP.JK,2026-06-11,10800,10800,400000,,IDR,adjusted_close,fixture
ICBP.JK,2026-06-12,10850,10850,400000,,IDR,adjusted_close,fixture
ICBP.JK,2026-06-13,10900,10900,400000,,IDR,adjusted_close,fixture
ICBP.JK,2026-06-16,10950,10950,400000,,IDR,adjusted_close,fixture
ICBP.JK,2026-06-17,11000,11000,400000,,IDR,adjusted_close,fixture
ICBP.JK,2026-06-18,11050,11050,400000,,IDR,adjusted_close,fixture
ICBP.JK,2026-06-19,11100,11100,400000,,IDR,adjusted_close,fixture
ICBP.JK,2026-06-20,11150,11150,400000,,IDR,adjusted_close,fixture
ICBP.JK,2026-06-23,11200,11200,400000,,IDR,adjusted_close,fixture
ICBP.JK,2026-06-24,11250,11250,400000,,IDR,adjusted_close,fixture
ICBP.JK,2026-06-25,11300,11300,400000,,IDR,adjusted_close,fixture
ICBP.JK,2026-06-26,11350,11350,400000,,IDR,adjusted_close,fixture
ICBP.JK,2026-06-27,11400,11400,400000,,IDR,adjusted_close,fixture
ICBP.JK,2026-06-30,11450,11450,400000,,IDR,adjusted_close,fixture
ICBP.JK,2026-07-01,11500,11500,400000,,IDR,adjusted_close,fixture
ICBP.JK,2026-07-02,11550,11550,400000,,IDR,adjusted_close,fixture
ICBP.JK,2026-07-03,11600,11600,400000,,IDR,adjusted_close,fixture
ICBP.JK,2026-07-06,11650,11650,400000,,IDR,adjusted_close,fixture
ICBP.JK,2026-07-07,11700,11700,400000,,IDR,adjusted_close,fixture
ICBP.JK,2026-07-08,11750,11750,400000,,IDR,adjusted_close,fixture
ICBP.JK,2026-07-09,11800,11800,400000,,IDR,adjusted_close,fixture
ICBP.JK,2026-07-10,11850,11850,400000,,IDR,adjusted_close,fixture
ICBP.JK,2026-07-13,11900,11900,400000,,IDR,adjusted_close,fixture
ICBP.JK,2026-07-14,11950,11950,400000,,IDR,adjusted_close,fixture
ICBP.JK,2026-07-15,12000,12000,400000,,IDR,adjusted_close,fixture
ICBP.JK,2026-07-16,12050,12050,400000,,IDR,adjusted_close,fixture
ICBP.JK,2026-07-17,12100,12100,400000,,IDR,adjusted_close,fixture
ICBP.JK,2026-07-20,12150,12150,400000,,IDR,adjusted_close,fixture
ICBP.JK,2026-07-21,12200,12200,400000,,IDR,adjusted_close,fixture
ICBP.JK,2026-07-22,12250,12250,400000,,IDR,adjusted_close,fixture
ICBP.JK,2026-07-23,12300,12300,400000,,IDR,adjusted_close,fixture
ICBP.JK,2026-07-24,12350,12350,400000,,IDR,adjusted_close,fixture
ICBP.JK,2026-07-27,12400,12400,400000,,IDR,adjusted_close,fixture
ICBP.JK,2026-07-28,12450,12450,400000,,IDR,adjusted_close,fixture
ICBP.JK,2026-07-29,12500,12500,400000,,IDR,adjusted_close,fixture
ICBP.JK,2026-07-30,12550,12550,400000,,IDR,adjusted_close,fixture
ICBP.JK,2026-07-31,12600,12600,400000,,IDR,adjusted_close,fixture
ICBP.JK,2026-08-03,12650,12650,400000,,IDR,adjusted_close,fixture
ICBP.JK,2026-08-04,12700,12700,400000,,IDR,adjusted_close,fixture
ICBP.JK,2026-08-05,12750,12750,400000,,IDR,adjusted_close,fixture
ICBP.JK,2026-08-06,12800,12800,400000,,IDR,adjusted_close,fixture
ICBP.JK,2026-08-07,12850,12850,400000,,IDR,adjusted_close,fixture
ICBP.JK,2026-08-10,12900,12900,400000,,IDR,adjusted_close,fixture
ICBP.JK,2026-08-11,12950,12950,400000,,IDR,adjusted_close,fixture
ICBP.JK,2026-08-12,13000,13000,400000,,IDR,adjusted_close,fixture
ICBP.JK,2026-08-13,13050,13050,400000,,IDR,adjusted_close,fixture
ICBP.JK,2026-08-14,13100,13100,400000,,IDR,adjusted_close,fixture
ICBP.JK,2026-08-17,13150,13150,400000,,IDR,adjusted_close,fixture
ICBP.JK,2026-08-18,13200,13200,400000,,IDR,adjusted_close,fixture
ICBP.JK,2026-08-19,13250,13250,400000,,IDR,adjusted_close,fixture
ICBP.JK,2026-08-20,13300,13300,400000,,IDR,adjusted_close,fixture
