group_id,eligible,missing,ytd_start,ytd_excess_pct,excess_20d_pct,excess_60d_pct,breadth_pct,breadth_delta_pp,diffusion_state_v2
Consumer,10,0,2025-12-30,19.06,4.23,-0.11,80.0,40.0,BROADENING_FIRM
Energy,9,0,2025-12-30,39.34,3.55,7.58,66.67,0.0,STABLE
Industrial,7,1,2025-12-30,3.23,-0.54,-3.1,42.86,-28.57,NARROWING_FIRM
Financials,10,0,2025-12-30,8.95,-2.46,-7.35,50.0,0.0,STABLE
Healthcare,3,0,2025-12-30,-6.71,-1.39,-18.02,33.33,33.33,UNCONFIRMED
Materials,3,0,2025-12-30,-11.72,-8.22,-5.03,0.0,0.0,UNCONFIRMED
Property,4,0,2025-12-30,-2.28,-9.13,-6.89,25.0,0.0,UNCONFIRMED
Technology,3,0,2025-12-30,-20.2,-15.81,-20.27,33.33,-33.34,UNCONFIRMED
Telecom,3,0,2025-12-30,8.57,-1.57,-1.4,33.33,33.33,UNCONFIRMED
Transportation,1,0,2025-12-30,-18.79,-16.34,-6.63,0.0,0.0,UNCONFIRMED
