as_of,scope,ticker,market_scope,net_value_idr,buy_value_idr,sell_value_idr,source_url,source_published_at,source_kind,source_name,source_locator,quantitative_use
2026-08-12,market,,reported_market,725400000000,5350000000000,4630000000000,https://www.idnfinancials.com/news/67352/foreign-trading-records-net-buy-bbca-leads-top-buys,2026-08-12T20:30:00+07:00,secondary_article,IDNFinancials,reported market total and foreign buy/sell summary,True
2026-08-12,company,BBRI.JK,reported_market,262900000000,,,https://www.idnfinancials.com/news/67352/foreign-trading-records-net-buy-bbca-leads-top-buys,2026-08-12T20:30:00+07:00,secondary_article,IDNFinancials,top 5 net buys list,True
2026-08-12,company,PTRO.JK,reported_market,174900000000,,,https://www.idnfinancials.com/news/67352/foreign-trading-records-net-buy-bbca-leads-top-buys,2026-08-12T20:30:00+07:00,secondary_article,IDNFinancials,top 5 net buys list,True
2026-08-12,company,BREN.JK,reported_market,138500000000,,,https://www.idnfinancials.com/news/67352/foreign-trading-records-net-buy-bbca-leads-top-buys,2026-08-12T20:30:00+07:00,secondary_article,IDNFinancials,top 5 net buys list,True
2026-08-12,company,CUAN.JK,reported_market,135300000000,,,https://www.idnfinancials.com/news/67352/foreign-trading-records-net-buy-bbca-leads-top-buys,2026-08-12T20:30:00+07:00,secondary_article,IDNFinancials,top 5 net buys list,True
2026-08-12,company,BRPT.JK,reported_market,129300000000,,,https://www.idnfinancials.com/news/67352/foreign-trading-records-net-buy-bbca-leads-top-buys,2026-08-12T20:30:00+07:00,secondary_article,IDNFinancials,top 5 net buys list,True
2026-08-12,company,BMRI.JK,reported_market,-245700000000,,,https://www.idnfinancials.com/news/67352/foreign-trading-records-net-buy-bbca-leads-top-buys,2026-08-12T20:30:00+07:00,secondary_article,IDNFinancials,top 5 net sells list,True
2026-08-12,company,TLKM.JK,reported_market,-98400000000,,,https://www.idnfinancials.com/news/67352/foreign-trading-records-net-buy-bbca-leads-top-buys,2026-08-12T20:30:00+07:00,secondary_article,IDNFinancials,top 5 net sells list,True
2026-08-12,company,MEDC.JK,reported_market,-31000000000,,,https://www.idnfinancials.com/news/67352/foreign-trading-records-net-buy-bbca-leads-top-buys,2026-08-12T20:30:00+07:00,secondary_article,IDNFinancials,top 5 net sells list,True
2026-08-12,company,UNTR.JK,reported_market,-27900000000,,,https://www.idnfinancials.com/news/67352/foreign-trading-records-net-buy-bbca-leads-top-buys,2026-08-12T20:30:00+07:00,secondary_article,IDNFinancials,top 5 net sells list,True
2026-08-12,company,MDKA.JK,reported_market,-25400000000,,,https://www.idnfinancials.com/news/67352/foreign-trading-records-net-buy-bbca-leads-top-buys,2026-08-12T20:30:00+07:00,secondary_article,IDNFinancials,top 5 net sells list,True
2026-08-18,market,,regular,-689260000000,3820000000000,4510000000000,https://www.idnfinancials.com/news/67582/foreign-trading-net-sell-isat-top-sell-at-idr-188-billion,2026-08-18T21:00:00+07:00,secondary_article,IDNFinancials,reported regular-market total and foreign buy/sell summary,True
2026-08-18,company,ISAT.JK,regular,-188400000000,,,https://www.idnfinancials.com/news/67582/foreign-trading-net-sell-isat-top-sell-at-idr-188-billion,2026-08-18T21:00:00+07:00,secondary_article,IDNFinancials,top 5 net sells list,True
2026-08-18,company,BBRI.JK,regular,-170000000000,,,https://www.idnfinancials.com/news/67582/foreign-trading-net-sell-isat-top-sell-at-idr-188-billion,2026-08-18T21:00:00+07:00,secondary_article,IDNFinancials,top 5 net sells list; source says around IDR 170 billion,True
2026-08-18,company,DSSA.JK,regular,-165600000000,,,https://www.idnfinancials.com/news/67582/foreign-trading-net-sell-isat-top-sell-at-idr-188-billion,2026-08-18T21:00:00+07:00,secondary_article,IDNFinancials,top 5 net sells list,True
2026-08-18,company,TPIA.JK,regular,-153600000000,,,https://www.idnfinancials.com/news/67582/foreign-trading-net-sell-isat-top-sell-at-idr-188-billion,2026-08-18T21:00:00+07:00,secondary_article,IDNFinancials,top 5 net sells list,True
2026-08-18,company,ASII.JK,regular,-48000000000,,,https://www.idnfinancials.com/news/67582/foreign-trading-net-sell-isat-top-sell-at-idr-188-billion,2026-08-18T21:00:00+07:00,secondary_article,IDNFinancials,top 5 net sells list,True
2026-08-18,company,ANTM.JK,regular,69000000000,,,https://www.idnfinancials.com/news/67582/foreign-trading-net-sell-isat-top-sell-at-idr-188-billion,2026-08-18T21:00:00+07:00,secondary_article,IDNFinancials,top 5 net buys list,True
2026-08-18,company,BBCA.JK,regular,45000000000,,,https://www.idnfinancials.com/news/67582/foreign-trading-net-sell-isat-top-sell-at-idr-188-billion,2026-08-18T21:00:00+07:00,secondary_article,IDNFinancials,top 5 net buys list,True
2026-08-18,company,INET.JK,regular,33900000000,,,https://www.idnfinancials.com/news/67582/foreign-trading-net-sell-isat-top-sell-at-idr-188-billion,2026-08-18T21:00:00+07:00,secondary_article,IDNFinancials,top 5 net buys list,True
2026-08-18,company,INDY.JK,regular,27700000000,,,https://www.idnfinancials.com/news/67582/foreign-trading-net-sell-isat-top-sell-at-idr-188-billion,2026-08-18T21:00:00+07:00,secondary_article,IDNFinancials,top 5 net buys list,True
2026-08-18,company,PSAB.JK,regular,25200000000,,,https://www.idnfinancials.com/news/67582/foreign-trading-net-sell-isat-top-sell-at-idr-188-billion,2026-08-18T21:00:00+07:00,secondary_article,IDNFinancials,top 5 net buys list,True
2026-08-19,market,,regular,-488490000000,3040000000000,3530000000000,https://www.idnfinancials.com/news/67634/foreign-trading-keeps-net-selling-asii-holds-top-sell-position,2026-08-19T19:30:00+07:00,secondary_article,IDNFinancials,reported regular-market total and foreign buy/sell summary,True
2026-08-19,company,ASII.JK,regular,-73200000000,,,https://www.idnfinancials.com/news/67634/foreign-trading-keeps-net-selling-asii-holds-top-sell-position,2026-08-19T19:30:00+07:00,secondary_article,IDNFinancials,top 5 net sells list,True
2026-08-19,company,ANTM.JK,regular,-52500000000,,,https://www.idnfinancials.com/news/67634/foreign-trading-keeps-net-selling-asii-holds-top-sell-position,2026-08-19T19:30:00+07:00,secondary_article,IDNFinancials,top 5 net sells list,True
2026-08-19,company,AADI.JK,regular,-49000000000,,,https://www.idnfinancials.com/news/67634/foreign-trading-keeps-net-selling-asii-holds-top-sell-position,2026-08-19T19:30:00+07:00,secondary_article,IDNFinancials,top 5 net sells list,True
2026-08-19,company,BUMI.JK,regular,-47500000000,,,https://www.idnfinancials.com/news/67634/foreign-trading-keeps-net-selling-asii-holds-top-sell-position,2026-08-19T19:30:00+07:00,secondary_article,IDNFinancials,top 5 net sells list,True
2026-08-19,company,INET.JK,regular,-42100000000,,,https://www.idnfinancials.com/news/67634/foreign-trading-keeps-net-selling-asii-holds-top-sell-position,2026-08-19T19:30:00+07:00,secondary_article,IDNFinancials,top 5 net sells list,True
2026-08-19,company,TINS.JK,regular,158900000000,,,https://www.idnfinancials.com/news/67634/foreign-trading-keeps-net-selling-asii-holds-top-sell-position,2026-08-19T19:30:00+07:00,secondary_article,IDNFinancials,top 5 net buys list,True
2026-08-19,company,DSSA.JK,regular,57400000000,,,https://www.idnfinancials.com/news/67634/foreign-trading-keeps-net-selling-asii-holds-top-sell-position,2026-08-19T19:30:00+07:00,secondary_article,IDNFinancials,top 5 net buys list,True
2026-08-19,company,BBCA.JK,regular,48300000000,,,https://www.idnfinancials.com/news/67634/foreign-trading-keeps-net-selling-asii-holds-top-sell-position,2026-08-19T19:30:00+07:00,secondary_article,IDNFinancials,top 5 net buys list,True
2026-08-19,company,BULL.JK,regular,24000000000,,,https://www.idnfinancials.com/news/67634/foreign-trading-keeps-net-selling-asii-holds-top-sell-position,2026-08-19T19:30:00+07:00,secondary_article,IDNFinancials,top 5 net buys list,True
2026-08-19,company,TLKM.JK,regular,13100000000,,,https://www.idnfinancials.com/news/67634/foreign-trading-keeps-net-selling-asii-holds-top-sell-position,2026-08-19T19:30:00+07:00,secondary_article,IDNFinancials,top 5 net buys list,True
2026-08-21,market,,regular,992640000000,4670000000000,3680000000000,https://www.idnfinancials.com/news/67743/foreign-trading-stays-green-bbri-top-buy-idr-628-5-billion,2026-08-21T21:00:00+07:00,secondary_article,IDNFinancials,reported regular-market total and foreign buy/sell summary,True
2026-08-21,company,BBRI.JK,regular,628500000000,,,https://www.idnfinancials.com/news/67743/foreign-trading-stays-green-bbri-top-buy-idr-628-5-billion,2026-08-21T21:00:00+07:00,secondary_article,IDNFinancials,top 5 net buys list,True
2026-08-21,company,BBCA.JK,regular,269100000000,,,https://www.idnfinancials.com/news/67743/foreign-trading-stays-green-bbri-top-buy-idr-628-5-billion,2026-08-21T21:00:00+07:00,secondary_article,IDNFinancials,top 5 net buys list,True
2026-08-21,company,BMRI.JK,regular,140000000000,,,https://www.idnfinancials.com/news/67743/foreign-trading-stays-green-bbri-top-buy-idr-628-5-billion,2026-08-21T21:00:00+07:00,secondary_article,IDNFinancials,top 5 net buys list,True
2026-08-21,company,TPIA.JK,regular,137300000000,,,https://www.idnfinancials.com/news/67743/foreign-trading-stays-green-bbri-top-buy-idr-628-5-billion,2026-08-21T21:00:00+07:00,secondary_article,IDNFinancials,top 5 net buys list,True
2026-08-21,company,BBNI.JK,regular,113100000000,,,https://www.idnfinancials.com/news/67743/foreign-trading-stays-green-bbri-top-buy-idr-628-5-billion,2026-08-21T21:00:00+07:00,secondary_article,IDNFinancials,top 5 net buys list,True
2026-08-21,company,ISAT.JK,regular,-52900000000,,,https://www.idnfinancials.com/news/67743/foreign-trading-stays-green-bbri-top-buy-idr-628-5-billion,2026-08-21T21:00:00+07:00,secondary_article,IDNFinancials,top 5 net sells list,True
2026-08-21,company,ASII.JK,regular,-48900000000,,,https://www.idnfinancials.com/news/67743/foreign-trading-stays-green-bbri-top-buy-idr-628-5-billion,2026-08-21T21:00:00+07:00,secondary_article,IDNFinancials,top 5 net sells list,True
2026-08-21,company,BUMI.JK,regular,-48200000000,,,https://www.idnfinancials.com/news/67743/foreign-trading-stays-green-bbri-top-buy-idr-628-5-billion,2026-08-21T21:00:00+07:00,secondary_article,IDNFinancials,top 5 net sells list,True
2026-08-21,company,AMMN.JK,regular,-33500000000,,,https://www.idnfinancials.com/news/67743/foreign-trading-stays-green-bbri-top-buy-idr-628-5-billion,2026-08-21T21:00:00+07:00,secondary_article,IDNFinancials,top 5 net sells list,True
2026-08-21,company,BRMS.JK,regular,-30300000000,,,https://www.idnfinancials.com/news/67743/foreign-trading-stays-green-bbri-top-buy-idr-628-5-billion,2026-08-21T21:00:00+07:00,secondary_article,IDNFinancials,top 5 net sells list,True
2026-08-26,market,,regular,216950000000,,,https://www.idnfinancials.com/news/67911/jci-slips-in-first-session-foreign-investors-accumulate-these-stocks,2026-08-26T12:45:00+07:00,secondary_article,IDNFinancials,reported first-session regular-market net total,True
2026-08-26,company,BMRI.JK,regular,205300000000,,,https://www.idnfinancials.com/news/67911/jci-slips-in-first-session-foreign-investors-accumulate-these-stocks,2026-08-26T12:45:00+07:00,secondary_article,IDNFinancials,first-session top 5 net buys list,True
2026-08-26,company,BBCA.JK,regular,63650000000,,,https://www.idnfinancials.com/news/67911/jci-slips-in-first-session-foreign-investors-accumulate-these-stocks,2026-08-26T12:45:00+07:00,secondary_article,IDNFinancials,first-session top 5 net buys list,True
2026-08-26,company,MDKA.JK,regular,49500000000,,,https://www.idnfinancials.com/news/67911/jci-slips-in-first-session-foreign-investors-accumulate-these-stocks,2026-08-26T12:45:00+07:00,secondary_article,IDNFinancials,first-session top 5 net buys list,True
2026-08-26,company,DSSA.JK,regular,35000000000,,,https://www.idnfinancials.com/news/67911/jci-slips-in-first-session-foreign-investors-accumulate-these-stocks,2026-08-26T12:45:00+07:00,secondary_article,IDNFinancials,first-session top 5 net buys list,True
2026-08-26,company,ANTM.JK,regular,27820000000,,,https://www.idnfinancials.com/news/67911/jci-slips-in-first-session-foreign-investors-accumulate-these-stocks,2026-08-26T12:45:00+07:00,secondary_article,IDNFinancials,first-session top 5 net buys list,True
2026-08-26,company,GOTO.JK,regular,-125440000000,,,https://www.idnfinancials.com/news/67911/jci-slips-in-first-session-foreign-investors-accumulate-these-stocks,2026-08-26T12:45:00+07:00,secondary_article,IDNFinancials,first-session top 5 net sells list,True
2026-08-26,company,TPIA.JK,regular,-60830000000,,,https://www.idnfinancials.com/news/67911/jci-slips-in-first-session-foreign-investors-accumulate-these-stocks,2026-08-26T12:45:00+07:00,secondary_article,IDNFinancials,first-session top 5 net sells list,True
2026-08-26,company,ISAT.JK,regular,-52150000000,,,https://www.idnfinancials.com/news/67911/jci-slips-in-first-session-foreign-investors-accumulate-these-stocks,2026-08-26T12:45:00+07:00,secondary_article,IDNFinancials,first-session top 5 net sells list,True
2026-08-26,company,BBRI.JK,regular,-36220000000,,,https://www.idnfinancials.com/news/67911/jci-slips-in-first-session-foreign-investors-accumulate-these-stocks,2026-08-26T12:45:00+07:00,secondary_article,IDNFinancials,first-session top 5 net sells list,True
2026-08-26,company,MBMA.JK,regular,-18120000000,,,https://www.idnfinancials.com/news/67911/jci-slips-in-first-session-foreign-investors-accumulate-these-stocks,2026-08-26T12:45:00+07:00,secondary_article,IDNFinancials,first-session top 5 net sells list,True
2026-08-27,market,,regular,-113450000000,3370000000000,3480000000000,https://www.idnfinancials.com/news/67999/foreign-trading-is-a-net-sell-bbri-top-sell-idr-274-billion,2026-08-27T20:20:00+07:00,secondary_article,IDNFinancials,reported regular-market total and foreign buy/sell summary,True
2026-08-27,company,BBRI.JK,regular,-274400000000,,,https://www.idnfinancials.com/news/67999/foreign-trading-is-a-net-sell-bbri-top-sell-idr-274-billion,2026-08-27T20:20:00+07:00,secondary_article,IDNFinancials,top 5 net sells list,True
2026-08-27,company,TLKM.JK,regular,-87400000000,,,https://www.idnfinancials.com/news/67999/foreign-trading-is-a-net-sell-bbri-top-sell-idr-274-billion,2026-08-27T20:20:00+07:00,secondary_article,IDNFinancials,top 5 net sells list,True
2026-08-27,company,BBNI.JK,regular,-71300000000,,,https://www.idnfinancials.com/news/67999/foreign-trading-is-a-net-sell-bbri-top-sell-idr-274-billion,2026-08-27T20:20:00+07:00,secondary_article,IDNFinancials,top 5 net sells list,True
2026-08-27,company,ISAT.JK,regular,-38800000000,,,https://www.idnfinancials.com/news/67999/foreign-trading-is-a-net-sell-bbri-top-sell-idr-274-billion,2026-08-27T20:20:00+07:00,secondary_article,IDNFinancials,top 5 net sells list,True
2026-08-27,company,ASII.JK,regular,-35900000000,,,https://www.idnfinancials.com/news/67999/foreign-trading-is-a-net-sell-bbri-top-sell-idr-274-billion,2026-08-27T20:20:00+07:00,secondary_article,IDNFinancials,top 5 net sells list,True
2026-08-27,company,BUMI.JK,regular,70300000000,,,https://www.idnfinancials.com/news/67999/foreign-trading-is-a-net-sell-bbri-top-sell-idr-274-billion,2026-08-27T20:20:00+07:00,secondary_article,IDNFinancials,top 5 net buys list,True
2026-08-27,company,BRMS.JK,regular,45100000000,,,https://www.idnfinancials.com/news/67999/foreign-trading-is-a-net-sell-bbri-top-sell-idr-274-billion,2026-08-27T20:20:00+07:00,secondary_article,IDNFinancials,top 5 net buys list,True
2026-08-27,company,TPIA.JK,regular,41700000000,,,https://www.idnfinancials.com/news/67999/foreign-trading-is-a-net-sell-bbri-top-sell-idr-274-billion,2026-08-27T20:20:00+07:00,secondary_article,IDNFinancials,top 5 net buys list,True
2026-08-27,company,INET.JK,regular,39700000000,,,https://www.idnfinancials.com/news/67999/foreign-trading-is-a-net-sell-bbri-top-sell-idr-274-billion,2026-08-27T20:20:00+07:00,secondary_article,IDNFinancials,top 5 net buys list,True
2026-08-27,company,BMRI.JK,regular,35400000000,,,https://www.idnfinancials.com/news/67999/foreign-trading-is-a-net-sell-bbri-top-sell-idr-274-billion,2026-08-27T20:20:00+07:00,secondary_article,IDNFinancials,top 5 net buys list,True
